Player,Team,GP,Snaps/G,R Att,Ru Yds,Ru YPG,Ru YPA,Ru TD,TAR,REC,Rec Yds,Rec YPC,Rec TD,FP,PPG,position
Derrick Henry,BAL,16.0,44.0,378.0,2027.0,126.7,5.4,17.0,31.0,19.0,114.0,6.0,0.0,314.1,19.6,rb
Alvin Kamara,NO,15.0,43.9,187.0,932.0,62.1,5.0,16.0,107.0,83.0,756.0,9.1,5.0,294.8,19.7,rb
Dalvin Cook,BAL,14.0,47.8,312.0,1557.0,111.2,5.0,16.0,54.0,44.0,361.0,8.2,1.0,293.8,21.0,rb
Jonathan Taylor,IND,15.0,34.1,232.0,1169.0,77.9,5.0,11.0,39.0,36.0,299.0,8.3,1.0,216.8,14.5,rb
Aaron Jones,MIN,14.0,38.5,201.0,1104.0,78.9,5.5,9.0,63.0,47.0,355.0,7.6,2.0,211.9,15.1,rb
David Montgomery,DET,15.0,50.6,247.0,1070.0,71.3,4.3,8.0,68.0,54.0,438.0,8.1,2.0,210.8,14.1,rb
James Robinson,NO,14.0,0.0,240.0,1070.0,76.4,4.5,7.0,60.0,49.0,344.0,7.0,3.0,201.4,14.4,rb
Josh Jacobs,GB,15.0,41.1,273.0,1065.0,71.0,3.9,12.0,45.0,33.0,238.0,7.2,0.0,198.3,13.2,rb
Nick Chubb,CLE,12.0,34.2,190.0,1067.0,88.9,5.6,12.0,18.0,16.0,150.0,9.4,0.0,191.7,16.0,rb
Kareem Hunt,CLE,16.0,34.2,198.0,841.0,52.6,4.2,6.0,51.0,38.0,304.0,8.0,5.0,180.5,11.3,rb
Ezekiel Elliott,DAL,15.0,52.5,244.0,979.0,65.3,4.0,6.0,71.0,52.0,338.0,6.5,2.0,171.7,11.4,rb
Kenyan Drake,GB,15.0,38.9,239.0,955.0,63.7,4.0,10.0,31.0,25.0,137.0,5.5,0.0,167.2,11.1,rb
Melvin Gordon,BAL,15.0,41.1,215.0,986.0,65.7,4.6,9.0,44.0,32.0,158.0,4.9,1.0,166.4,11.1,rb
Antonio Gibson,NE,14.0,29.0,170.0,795.0,56.8,4.7,11.0,44.0,36.0,247.0,6.9,0.0,166.2,11.9,rb
Ronald Jones,DAL,14.0,32.2,192.0,978.0,69.9,5.1,7.0,42.0,28.0,165.0,5.9,1.0,158.3,11.3,rb
Chris Carson,SEA,12.0,33.6,141.0,681.0,56.8,4.8,5.0,46.0,37.0,287.0,7.8,4.0,150.8,12.6,rb
J.K. Dobbins,LAC,15.0,30.4,134.0,805.0,53.7,6.0,9.0,24.0,18.0,120.0,6.7,0.0,150.5,10.0,rb
Mike Davis,BAL,15.0,38.5,165.0,642.0,42.8,3.9,6.0,70.0,59.0,373.0,6.3,2.0,147.5,9.8,rb
David Johnson,NO,12.0,45.9,147.0,691.0,57.6,4.7,6.0,46.0,33.0,314.0,9.5,2.0,146.5,12.2,rb
D'Andre Swift,CHI,13.0,27.8,114.0,521.0,40.1,4.6,8.0,57.0,46.0,357.0,7.8,2.0,143.8,11.1,rb
Miles Sanders,CAR,12.0,50.2,164.0,867.0,72.2,5.3,6.0,52.0,28.0,197.0,7.0,0.0,142.4,11.9,rb
Clyde Edwards-Helaire,KC,13.0,41.7,181.0,803.0,61.8,4.4,4.0,54.0,36.0,297.0,8.3,1.0,140.0,10.8,rb
Todd Gurley,FA,15.0,33.8,195.0,678.0,45.2,3.5,9.0,35.0,25.0,164.0,6.6,0.0,138.2,9.2,rb
Jeff Wilson,MIA,12.0,0.0,126.0,600.0,50.0,4.8,7.0,28.0,13.0,133.0,10.2,3.0,133.3,11.1,rb
James Conner,ARI,13.0,43.2,169.0,721.0,55.5,4.3,6.0,43.0,35.0,215.0,6.1,0.0,129.6,10.0,rb
Nyheim Hines,CLE,16.0,0.0,89.0,380.0,23.8,4.3,3.0,76.0,63.0,482.0,7.7,4.0,128.2,8.0,rb
Myles Gaskin,MIN,10.0,45.3,142.0,584.0,58.4,4.1,3.0,47.0,41.0,388.0,9.5,2.0,123.2,12.3,rb
Gus Edwards,LAC,16.0,21.7,144.0,723.0,45.2,5.0,6.0,13.0,9.0,129.0,14.3,0.0,119.2,7.5,rb
Wayne Gallman,SEA,15.0,25.8,147.0,682.0,45.5,4.6,6.0,27.0,21.0,114.0,5.4,0.0,115.6,7.7,rb
Chase Edmonds,TB,16.0,0.0,97.0,448.0,28.0,4.6,1.0,67.0,53.0,402.0,7.6,4.0,115.0,7.2,rb
Darrell Henderson,LA,15.0,23.2,138.0,624.0,41.6,4.5,5.0,24.0,16.0,159.0,9.9,1.0,114.3,7.6,rb
Latavius Murray,BUF,15.0,24.3,146.0,656.0,43.7,4.5,4.0,26.0,23.0,176.0,7.7,1.0,113.2,7.5,rb
Adrian Peterson,SEA,16.0,19.4,156.0,604.0,37.8,3.9,7.0,18.0,12.0,101.0,8.4,0.0,112.5,7.0,rb
J.D. McKissic,WAS,16.0,40.1,85.0,365.0,22.8,4.3,1.0,110.0,80.0,589.0,7.4,2.0,111.4,7.0,rb
Austin Ekeler,WAS,10.0,41.1,116.0,530.0,53.0,4.6,1.0,65.0,54.0,403.0,7.5,2.0,111.3,11.1,rb
Giovani Bernard,TB,16.0,32.3,124.0,416.0,26.0,3.4,3.0,59.0,47.0,355.0,7.6,3.0,111.1,6.9,rb
Devin Singletary,NYG,16.0,38.2,156.0,687.0,42.9,4.4,2.0,50.0,38.0,269.0,7.1,0.0,105.6,6.6,rb
Jamaal Williams,NO,14.0,29.9,119.0,505.0,36.1,4.2,2.0,35.0,31.0,236.0,7.6,1.0,96.1,6.9,rb
Leonard Fournette,BUF,13.0,27.5,97.0,367.0,28.2,3.8,6.0,47.0,36.0,233.0,6.5,0.0,96.0,7.4,rb
Jerick McKinnon,KC,16.0,22.5,81.0,319.0,19.9,3.9,5.0,46.0,33.0,253.0,7.7,1.0,93.2,5.8,rb
Tony Pollard,TEN,16.0,22.7,101.0,435.0,27.2,4.3,4.0,40.0,28.0,193.0,6.9,1.0,92.8,5.8,rb
Cam Akers,MIN,13.0,22.5,145.0,625.0,48.1,4.3,2.0,14.0,11.0,123.0,11.2,1.0,90.8,7.0,rb
Zack Moss,CIN,13.0,0.0,112.0,481.0,37.0,4.3,4.0,18.0,14.0,95.0,6.8,1.0,87.6,6.7,rb
Damien Harris,BUF,10.0,25.1,137.0,691.0,69.1,5.0,2.0,7.0,5.0,52.0,10.4,0.0,86.3,8.6,rb
Malcolm Brown,LA,16.0,29.5,101.0,419.0,26.2,4.1,5.0,33.0,23.0,162.0,7.0,0.0,86.1,5.4,rb
Frank Gore,FA,15.0,25.3,187.0,653.0,43.5,3.5,2.0,19.0,16.0,89.0,5.6,0.0,84.2,5.6,rb
Raheem Mostert,MIA,8.0,29.6,104.0,521.0,65.1,5.0,2.0,19.0,16.0,156.0,9.8,1.0,83.7,10.5,rb
Rex Burkhead,HOU,10.0,26.9,67.0,274.0,27.4,4.1,3.0,33.0,25.0,192.0,7.7,3.0,82.6,8.3,rb
Joe Mixon,HOU,6.0,48.3,119.0,428.0,71.3,3.6,3.0,26.0,21.0,138.0,6.6,1.0,78.6,13.1,rb
Alexander Mattison,LV,13.0,17.6,96.0,434.0,33.4,4.5,2.0,15.0,13.0,125.0,9.6,1.0,73.9,5.7,rb
Christian McCaffrey,SF,3.0,0.0,59.0,225.0,75.0,3.8,5.0,19.0,17.0,149.0,8.8,1.0,73.4,24.5,rb
Boston Scott,LA,16.0,23.9,80.0,374.0,23.4,4.7,1.0,36.0,25.0,212.0,8.5,1.0,70.6,4.4,rb
Brian Hill,SF,16.0,20.4,100.0,465.0,29.1,4.7,1.0,30.0,25.0,199.0,8.0,0.0,70.4,4.4,rb
Carlos Hyde,JAC,10.0,26.0,81.0,356.0,35.6,4.4,4.0,20.0,16.0,93.0,5.8,0.0,68.9,6.9,rb
Devontae Booker,NYG,16.0,14.5,93.0,423.0,26.4,4.5,3.0,21.0,17.0,84.0,4.9,0.0,68.7,4.3,rb
Sony Michel,LA,9.0,20.0,79.0,449.0,49.9,5.7,1.0,9.0,7.0,114.0,16.3,1.0,68.3,7.6,rb
James White,NE,14.0,23.6,35.0,121.0,8.6,3.5,2.0,62.0,49.0,375.0,7.7,1.0,67.6,4.8,rb
Benny Snell,DET,16.0,17.6,111.0,368.0,23.0,3.3,4.0,14.0,10.0,61.0,6.1,0.0,64.9,4.1,rb
Phillip Lindsay,IND,11.0,24.5,118.0,502.0,45.6,4.3,1.0,14.0,7.0,28.0,4.0,0.0,59.0,5.4,rb
Joshua Kelley,LAC,14.0,21.1,111.0,354.0,25.3,3.2,2.0,23.0,23.0,148.0,6.4,0.0,58.2,4.2,rb
Salvon Ahmed,MIA,6.0,34.2,75.0,319.0,53.2,4.3,3.0,14.0,11.0,61.0,5.5,0.0,58.0,9.7,rb
Kalen Ballage,PIT,8.0,30.5,88.0,290.0,36.2,3.3,3.0,27.0,20.0,99.0,5.0,0.0,56.9,7.1,rb
Duke Johnson,BUF,11.0,32.2,77.0,235.0,21.4,3.1,1.0,35.0,28.0,249.0,8.9,1.0,56.4,5.1,rb
Samaje Perine,DEN,16.0,12.8,63.0,301.0,18.8,4.8,3.0,12.0,11.0,66.0,6.0,0.0,54.7,3.4,rb
Kerryon Johnson,SF,16.0,16.5,52.0,181.0,11.3,3.5,2.0,26.0,19.0,187.0,9.8,1.0,52.8,3.3,rb
Peyton Barber,LV,16.0,11.9,94.0,258.0,16.1,2.7,4.0,7.0,4.0,12.0,3.0,0.0,51.0,3.2,rb
Jordan Wilkins,CLE,15.0,12.1,84.0,308.0,20.5,3.7,1.0,16.0,12.0,105.0,8.8,0.0,49.3,3.3,rb
Le'Veon Bell,TB,9.0,21.3,63.0,254.0,28.2,4.0,2.0,17.0,13.0,99.0,7.6,0.0,47.3,5.3,rb
Ty Johnson,BUF,11.0,15.2,54.0,254.0,23.1,4.7,1.0,20.0,16.0,99.0,6.2,1.0,47.3,4.3,rb
Mark Ingram,NO,11.0,14.5,72.0,299.0,27.2,4.2,2.0,8.0,6.0,50.0,8.3,0.0,46.9,4.3,rb
Justin Jackson,DET,9.0,20.8,59.0,270.0,30.0,4.6,0.0,24.0,19.0,173.0,9.1,0.0,46.3,5.1,rb
Cordarrelle Patterson,PIT,16.0,12.9,64.0,232.0,14.5,3.6,1.0,25.0,21.0,132.0,6.3,0.0,42.4,2.6,rb
La'Mical Perine,KC,10.0,20.0,64.0,232.0,23.2,3.6,2.0,15.0,11.0,63.0,5.7,0.0,41.5,4.2,rb
Ito Smith,DAL,14.0,16.1,63.0,268.0,19.1,4.3,1.0,26.0,17.0,75.0,4.4,0.0,40.3,2.9,rb
DeeJay Dallas,ARI,12.0,12.2,34.0,108.0,9.0,3.2,2.0,20.0,17.0,111.0,6.5,1.0,39.9,3.3,rb
AJ Dillon,GB,11.0,8.8,46.0,242.0,22.0,5.3,2.0,2.0,2.0,21.0,10.5,0.0,38.3,3.5,rb
Dion Lewis,NYG,16.0,19.0,29.0,115.0,7.2,4.0,2.0,30.0,19.0,127.0,6.7,1.0,38.2,2.4,rb
Alfred Morris,NYG,9.0,6.6,55.0,238.0,26.4,4.3,1.0,4.0,3.0,19.0,6.3,1.0,37.7,4.2,rb
Darrel Williams,NO,16.0,16.6,39.0,169.0,10.6,4.3,1.0,26.0,18.0,116.0,6.4,0.0,36.5,2.3,rb
Matt Breida,NYG,12.0,12.7,59.0,254.0,21.2,4.3,0.0,10.0,9.0,96.0,10.7,0.0,33.0,2.8,rb
Jalen Richard,LV,13.0,14.4,22.0,123.0,9.5,5.6,1.0,23.0,19.0,138.0,7.3,0.0,32.1,2.5,rb
Jeremy McNichols,WAS,16.0,16.2,47.0,204.0,12.8,4.3,1.0,17.0,12.0,55.0,4.6,0.0,31.9,2.0,rb
Josh Adams,NO,8.0,9.2,29.0,157.0,19.6,5.4,2.0,8.0,6.0,29.0,4.8,0.0,30.6,3.8,rb
Devonta Freeman,BAL,5.0,27.2,54.0,172.0,34.4,3.2,1.0,10.0,7.0,58.0,8.3,0.0,29.0,5.8,rb
Rodney Smith,DET,7.0,13.4,41.0,156.0,22.3,3.8,1.0,11.0,9.0,59.0,6.6,0.0,27.5,3.9,rb
Darwin Thompson,LV,14.0,5.7,27.0,97.0,6.9,3.6,1.0,11.0,7.0,65.0,9.3,1.0,26.2,1.9,rb
Royce Freeman,DAL,16.0,11.2,35.0,170.0,10.6,4.9,0.0,13.0,12.0,81.0,6.8,0.0,25.1,1.6,rb
JaMycal Hasty,NE,8.0,11.9,39.0,148.0,18.5,3.8,1.0,8.0,7.0,33.0,4.7,0.0,24.1,3.0,rb
Travis Homer,CHI,9.0,15.3,25.0,88.0,9.8,3.5,0.0,10.0,9.0,90.0,10.0,1.0,23.8,2.6,rb
Chris Thompson,CHI,8.0,17.8,7.0,20.0,2.5,2.9,0.0,23.0,20.0,146.0,7.3,1.0,22.6,2.8,rb
Ameer Abdullah,LV,16.0,3.9,8.0,42.0,2.6,5.2,0.0,9.0,8.0,58.0,7.3,2.0,22.0,1.4,rb
Dare Ogunbowale,HOU,14.0,12.2,32.0,145.0,10.4,4.5,0.0,20.0,10.0,54.0,5.4,0.0,19.9,1.4,rb
Ke'Shawn Vaughn,NE,10.0,6.1,26.0,109.0,10.9,4.2,0.0,10.0,5.0,34.0,6.8,1.0,18.3,1.8,rb
D'Ernest Johnson,JAC,16.0,4.7,33.0,166.0,10.4,5.0,0.0,4.0,3.0,14.0,4.7,0.0,18.0,1.1,rb
Trayveon Williams,CIN,10.0,5.9,26.0,157.0,15.7,6.0,0.0,5.0,5.0,30.0,6.0,0.0,16.7,1.7,rb
Anthony McFarland,PIT,11.0,8.1,33.0,113.0,10.3,3.4,0.0,9.0,6.0,54.0,9.0,0.0,16.7,1.5,rb
D'Onta Foreman,CLE,6.0,1.0,22.0,95.0,15.8,4.3,0.0,1.0,1.0,5.0,5.0,1.0,16.0,2.7,rb
Corey Clement,ARI,15.0,6.1,21.0,75.0,5.0,3.6,1.0,6.0,5.0,25.0,5.0,0.0,16.0,1.1,rb
Tyler Ervin,GB,8.0,17.2,13.0,67.0,8.4,5.2,0.0,15.0,11.0,84.0,7.6,0.0,15.1,1.9,rb
LeSean McCoy,FA,10.0,9.9,10.0,31.0,3.1,3.1,0.0,19.0,15.0,101.0,6.7,0.0,13.2,1.3,rb
Patrick Laird,TB,16.0,8.0,13.0,72.0,4.5,5.5,0.0,12.0,10.0,68.0,6.8,0.0,12.0,0.8,rb
Troymaine Pope,TB,6.0,0.0,15.0,76.0,12.7,5.1,0.0,10.0,8.0,42.0,5.3,0.0,11.8,2.0,rb
Tarik Cohen,CAR,3.0,25.7,14.0,74.0,24.7,5.3,0.0,9.0,6.0,41.0,6.8,0.0,11.5,3.8,rb
DeAndre Washington,MIA,3.0,25.7,28.0,86.0,28.7,3.1,0.0,9.0,4.0,28.0,7.0,0.0,11.4,3.8,rb
J.J. Taylor,HOU,6.0,7.7,23.0,110.0,18.3,4.8,0.0,2.0,1.0,4.0,4.0,0.0,11.4,1.9,rb
Jonathan Taylor,IND,17.0,38.8,332.0,1811.0,106.5,5.5,18.0,51.0,40.0,360.0,9.0,2.0,333.1,19.6,rb
Austin Ekeler,WAS,16.0,37.5,206.0,911.0,56.9,4.4,12.0,94.0,70.0,647.0,9.2,8.0,273.8,17.1,rb
Joe Mixon,HOU,16.0,43.6,292.0,1205.0,75.3,4.1,13.0,48.0,42.0,314.0,7.5,3.0,245.9,15.4,rb
Najee Harris,PIT,17.0,52.2,307.0,1200.0,70.6,3.9,7.0,94.0,74.0,467.0,6.3,3.0,226.7,13.3,rb
James Conner,ARI,15.0,39.9,202.0,752.0,50.1,3.7,15.0,39.0,37.0,375.0,10.1,3.0,220.7,14.7,rb
Ezekiel Elliott,DAL,17.0,42.7,237.0,1002.0,58.9,4.2,10.0,65.0,47.0,287.0,6.1,2.0,205.1,12.1,rb
Nick Chubb,CLE,14.0,30.3,228.0,1259.0,89.9,5.5,8.0,25.0,20.0,174.0,8.7,1.0,195.3,14.0,rb
Damien Harris,BUF,15.0,25.1,202.0,929.0,61.9,4.6,15.0,21.0,18.0,132.0,7.3,0.0,192.1,12.8,rb
Alvin Kamara,NO,13.0,43.9,240.0,898.0,69.1,3.7,4.0,67.0,47.0,439.0,9.3,5.0,187.7,14.4,rb
Antonio Gibson,NE,16.0,33.7,258.0,1037.0,64.8,4.0,7.0,52.0,42.0,294.0,7.0,3.0,187.1,11.7,rb
Leonard Fournette,BUF,14.0,44.5,180.0,812.0,58.0,4.5,8.0,84.0,69.0,454.0,6.6,2.0,186.6,13.3,rb
Cordarrelle Patterson,PIT,16.0,28.4,153.0,618.0,38.6,4.0,6.0,69.0,52.0,548.0,10.5,5.0,182.6,11.4,rb
Aaron Jones,MIN,15.0,38.5,171.0,799.0,53.3,4.7,4.0,65.0,52.0,391.0,7.5,6.0,177.0,11.8,rb
Derrick Henry,BAL,8.0,51.4,219.0,937.0,117.1,4.3,10.0,20.0,18.0,154.0,8.6,0.0,175.3,21.9,rb
Dalvin Cook,BAL,13.0,40.7,249.0,1159.0,89.2,4.7,6.0,49.0,34.0,224.0,6.6,0.0,172.3,13.3,rb
Josh Jacobs,GB,15.0,37.9,217.0,872.0,58.1,4.0,9.0,64.0,54.0,348.0,6.4,0.0,172.0,11.5,rb
Melvin Gordon,BAL,16.0,30.5,203.0,918.0,57.4,4.5,8.0,38.0,28.0,213.0,7.6,2.0,167.1,10.4,rb
Javonte Williams,DEN,17.0,30.6,203.0,903.0,53.1,4.4,4.0,53.0,43.0,316.0,7.3,3.0,161.9,9.5,rb
Devin Singletary,NYG,17.0,37.4,188.0,870.0,51.2,4.6,7.0,50.0,40.0,228.0,5.7,1.0,157.8,9.3,rb
David Montgomery,DET,13.0,41.3,225.0,849.0,65.3,3.8,7.0,51.0,42.0,301.0,7.2,0.0,154.0,11.8,rb
AJ Dillon,GB,17.0,23.2,187.0,803.0,47.2,4.3,5.0,37.0,34.0,313.0,9.2,2.0,151.6,8.9,rb
Darrel Williams,NO,17.0,29.5,144.0,558.0,32.8,3.9,6.0,57.0,47.0,452.0,9.6,2.0,149.0,8.8,rb
D'Andre Swift,CHI,13.0,37.9,151.0,617.0,47.5,4.1,5.0,78.0,62.0,452.0,7.3,2.0,146.9,11.3,rb
James Robinson,NO,14.0,0.0,164.0,767.0,54.8,4.7,8.0,46.0,31.0,222.0,7.2,0.0,146.9,10.5,rb
Elijah Mitchell,SF,11.0,36.7,207.0,963.0,87.5,4.7,5.0,20.0,19.0,137.0,7.2,1.0,146.0,13.3,rb
Darrell Henderson,LA,12.0,42.2,149.0,688.0,57.3,4.6,5.0,40.0,29.0,176.0,6.1,3.0,134.4,11.2,rb
Sony Michel,LA,17.0,28.6,208.0,845.0,49.7,4.1,4.0,33.0,21.0,128.0,6.1,1.0,125.3,7.4,rb
Myles Gaskin,MIN,17.0,31.0,173.0,612.0,36.0,3.5,3.0,63.0,49.0,234.0,4.8,4.0,124.6,7.3,rb
Michael Carter,ARI,14.0,28.9,147.0,639.0,45.6,4.3,4.0,55.0,36.0,325.0,9.0,0.0,118.4,8.5,rb
Tony Pollard,TEN,15.0,23.2,130.0,719.0,47.9,5.5,2.0,46.0,39.0,337.0,8.6,0.0,117.6,7.8,rb
Rashaad Penny,CAR,10.0,20.2,119.0,749.0,74.9,6.3,6.0,8.0,6.0,48.0,8.0,0.0,115.7,11.6,rb
Chuba Hubbard,CAR,17.0,25.4,172.0,612.0,36.0,3.6,5.0,37.0,25.0,174.0,7.0,1.0,112.6,6.6,rb
Devonta Freeman,BAL,16.0,28.4,133.0,576.0,36.0,4.3,5.0,42.0,34.0,190.0,5.6,1.0,112.6,7.0,rb
Saquon Barkley,PHI,13.0,36.8,162.0,593.0,45.6,3.7,2.0,57.0,41.0,263.0,6.4,2.0,107.6,8.3,rb
Devontae Booker,NYG,16.0,30.1,145.0,593.0,37.1,4.1,2.0,45.0,40.0,268.0,6.7,1.0,104.1,6.5,rb
Chase Edmonds,TB,12.0,0.0,116.0,592.0,49.3,5.1,2.0,53.0,43.0,311.0,7.2,0.0,102.3,8.5,rb
Rhamondre Stevenson,NE,12.0,21.3,133.0,606.0,50.5,4.6,5.0,18.0,14.0,123.0,8.8,0.0,100.9,8.4,rb
Clyde Edwards-Helaire,KC,10.0,31.0,119.0,517.0,51.7,4.3,4.0,23.0,19.0,129.0,6.8,2.0,98.6,9.9,rb
Mike Davis,BAL,17.0,33.9,138.0,503.0,29.6,3.6,3.0,58.0,44.0,259.0,5.9,1.0,94.2,5.5,rb
Alexander Mattison,LV,16.0,21.7,134.0,491.0,30.7,3.7,3.0,39.0,32.0,228.0,7.1,1.0,93.9,5.9,rb
Jamaal Williams,NO,13.0,21.5,153.0,601.0,46.2,3.9,3.0,28.0,26.0,157.0,6.0,0.0,93.8,7.2,rb
Latavius Murray,BUF,14.0,22.1,119.0,501.0,35.8,4.2,6.0,13.0,10.0,75.0,7.5,0.0,93.6,6.7,rb
Miles Sanders,CAR,12.0,32.5,137.0,754.0,62.8,5.5,0.0,34.0,26.0,158.0,6.1,0.0,91.2,7.6,rb
Christian McCaffrey,SF,7.0,0.0,99.0,442.0,63.1,4.5,1.0,41.0,37.0,343.0,9.3,1.0,90.5,12.9,rb
Kenneth Gainwell,PHI,16.0,16.2,68.0,291.0,18.2,4.3,5.0,50.0,33.0,253.0,7.7,1.0,90.4,5.7,rb
Kareem Hunt,CLE,8.0,29.2,78.0,386.0,48.2,4.9,5.0,27.0,22.0,174.0,7.9,0.0,88.0,11.0,rb
Boston Scott,LA,16.0,11.7,87.0,373.0,23.3,4.3,7.0,16.0,13.0,83.0,6.4,0.0,85.6,5.3,rb
D'Ernest Johnson,JAC,17.0,15.0,100.0,534.0,31.4,5.3,3.0,25.0,19.0,137.0,7.2,0.0,85.1,5.0,rb
D'Onta Foreman,CLE,9.0,20.0,133.0,566.0,62.9,4.3,3.0,11.0,9.0,123.0,13.7,0.0,84.9,9.4,rb
J.D. McKissic,WAS,11.0,28.4,48.0,212.0,19.3,4.4,2.0,53.0,43.0,397.0,9.2,2.0,84.9,7.7,rb
Zack Moss,CIN,13.0,0.0,96.0,345.0,26.5,3.6,4.0,32.0,23.0,197.0,8.6,1.0,84.2,6.5,rb
Brandon Bolden,LV,17.0,18.5,44.0,226.0,13.3,5.1,1.0,49.0,41.0,405.0,9.9,2.0,83.1,4.9,rb
Ty Johnson,BUF,16.0,23.3,61.0,238.0,14.9,3.9,2.0,55.0,34.0,372.0,10.9,2.0,83.0,5.2,rb
Rex Burkhead,HOU,16.0,18.0,122.0,427.0,26.7,3.5,3.0,32.0,25.0,186.0,7.4,0.0,79.3,5.0,rb
Nyheim Hines,CLE,17.0,0.0,56.0,276.0,16.2,4.9,2.0,57.0,40.0,310.0,7.8,1.0,76.6,4.5,rb
Kenyan Drake,GB,12.0,23.3,63.0,254.0,21.2,4.0,2.0,40.0,30.0,291.0,9.7,1.0,72.5,6.0,rb
Ronald Jones,DAL,16.0,13.6,101.0,428.0,26.8,4.2,4.0,13.0,10.0,64.0,6.4,0.0,69.2,4.3,rb
Khalil Herbert,CHI,17.0,16.8,103.0,433.0,25.5,4.2,2.0,16.0,14.0,96.0,6.9,0.0,64.9,3.8,rb
Justin Jackson,DET,14.0,14.9,68.0,364.0,26.0,5.4,2.0,25.0,22.0,178.0,8.1,0.0,64.2,4.6,rb
Jordan Howard,NO,7.0,20.0,86.0,406.0,58.0,4.7,3.0,5.0,2.0,19.0,9.5,0.0,60.5,8.6,rb
Alex Collins,SEA,11.0,24.5,108.0,411.0,37.4,3.8,2.0,10.0,9.0,87.0,9.7,0.0,59.8,5.4,rb
Samaje Perine,DEN,16.0,17.2,55.0,246.0,15.4,4.5,1.0,31.0,27.0,196.0,7.3,1.0,56.2,3.5,rb
Duke Johnson,BUF,5.0,0.0,71.0,330.0,66.0,4.6,3.0,5.0,4.0,41.0,10.3,0.0,55.1,11.0,rb
Dontrell Hilliard,TEN,8.0,14.1,56.0,350.0,43.8,6.2,2.0,26.0,19.0,87.0,4.6,0.0,53.7,6.7,rb
David Johnson,NO,13.0,20.8,67.0,228.0,17.5,3.4,0.0,42.0,32.0,225.0,7.0,1.0,49.3,3.8,rb
Derrick Gore,WAS,11.0,8.4,51.0,256.0,23.3,5.0,2.0,9.0,8.0,105.0,13.1,0.0,48.1,4.4,rb
Ameer Abdullah,LV,11.0,19.7,44.0,136.0,12.4,3.1,0.0,49.0,35.0,272.0,7.8,1.0,46.8,4.3,rb
Jaret Patterson,LAC,17.0,7.1,68.0,266.0,15.6,3.9,2.0,11.0,10.0,73.0,7.3,0.0,45.9,2.7,rb
Jeremy McNichols,WAS,14.0,19.1,41.0,156.0,11.1,3.8,0.0,38.0,28.0,240.0,8.6,1.0,45.6,3.3,rb
Damien Williams,ARI,12.0,11.5,40.0,164.0,13.7,4.1,2.0,23.0,16.0,103.0,6.4,1.0,44.7,3.7,rb
Jeff Wilson,MIA,9.0,0.0,79.0,294.0,32.7,3.7,2.0,8.0,7.0,31.0,4.4,0.0,44.5,4.9,rb
Mark Ingram,NO,7.0,27.0,68.0,260.0,37.1,3.8,1.0,26.0,20.0,138.0,6.9,0.0,43.8,6.3,rb
Chris Carson,SEA,4.0,31.0,54.0,232.0,58.0,4.3,3.0,6.0,6.0,29.0,4.8,0.0,42.1,10.5,rb
Tevin Coleman,SF,11.0,13.6,84.0,356.0,32.4,4.2,0.0,16.0,11.0,49.0,4.5,0.0,40.5,3.7,rb
Peyton Barber,LV,10.0,11.6,55.0,212.0,21.2,3.9,2.0,13.0,10.0,67.0,6.7,0.0,39.9,4.0,rb
Travis Homer,CHI,14.0,11.2,21.0,177.0,12.6,8.4,1.0,20.0,16.0,161.0,10.1,0.0,39.8,2.8,rb
DeeJay Dallas,ARI,17.0,8.1,33.0,138.0,8.1,4.2,2.0,23.0,21.0,133.0,6.3,0.0,39.1,2.3,rb
Dare Ogunbowale,HOU,17.0,8.5,43.0,137.0,8.1,3.2,1.0,21.0,13.0,114.0,8.8,1.0,37.1,2.2,rb
Giovani Bernard,TB,12.0,11.5,8.0,58.0,4.8,7.2,0.0,29.0,23.0,123.0,5.3,3.0,36.1,3.0,rb
Matt Breida,NYG,9.0,6.7,26.0,125.0,13.9,4.8,1.0,9.0,7.0,72.0,10.3,2.0,35.7,4.0,rb
Chris Evans,CIN,14.0,3.9,17.0,77.0,5.5,4.5,0.0,17.0,15.0,151.0,10.1,2.0,34.8,2.5,rb
Carlos Hyde,JAC,12.0,23.2,72.0,253.0,21.1,3.5,1.0,21.0,12.0,65.0,5.4,0.0,33.8,2.8,rb
Ty'Son Williams,ARI,13.0,10.6,35.0,185.0,14.2,5.3,1.0,12.0,9.0,84.0,9.3,0.0,32.9,2.5,rb
Ke'Shawn Vaughn,NE,12.0,7.0,36.0,180.0,15.0,5.0,2.0,8.0,4.0,26.0,6.5,0.0,32.6,2.7,rb
Demetric Felton,CIN,16.0,5.8,7.0,24.0,1.5,3.4,0.0,21.0,18.0,181.0,10.1,2.0,32.5,2.0,rb
Craig Reynolds,DET,5.0,22.4,55.0,230.0,46.0,4.2,0.0,8.0,7.0,52.0,7.4,0.0,28.2,5.6,rb
Elijhaa Penny,NYG,17.0,5.8,24.0,99.0,5.8,4.1,1.0,13.0,9.0,30.0,3.3,1.0,26.9,1.6,rb
Salvon Ahmed,MIA,12.0,13.8,54.0,149.0,12.4,2.8,0.0,19.0,12.0,117.0,9.8,0.0,26.6,2.2,rb
JaMycal Hasty,NE,11.0,12.2,16.0,68.0,6.2,4.2,1.0,29.0,23.0,157.0,6.8,0.0,26.5,2.4,rb
Trey Sermon,IND,9.0,9.2,41.0,167.0,18.6,4.1,1.0,4.0,3.0,26.0,8.7,0.0,25.3,2.8,rb
Jerick McKinnon,KC,13.0,9.9,12.0,62.0,4.8,5.2,0.0,20.0,13.0,107.0,8.2,1.0,22.9,1.8,rb
Corey Clement,ARI,17.0,3.2,33.0,140.0,8.2,4.2,0.0,7.0,6.0,29.0,4.8,1.0,22.9,1.3,rb
Eno Benjamin,NO,9.0,10.2,34.0,118.0,13.1,3.5,1.0,7.0,6.0,42.0,7.0,0.0,22.0,2.4,rb
Godwin Igwebuike,PIT,17.0,5.1,18.0,118.0,6.9,6.6,1.0,10.0,7.0,60.0,8.6,0.0,19.8,1.2,rb
Malcolm Brown,LA,7.0,17.7,33.0,125.0,17.9,3.8,1.0,5.0,3.0,10.0,3.3,0.0,19.5,2.8,rb
James White,NE,3.0,21.0,10.0,38.0,12.7,3.8,1.0,14.0,12.0,94.0,7.8,0.0,19.2,6.4,rb
Tony Jones,ARI,11.0,9.8,54.0,142.0,12.9,2.6,0.0,8.0,5.0,29.0,5.8,0.0,17.1,1.6,rb
Austin Walter,LV,4.0,13.8,26.0,101.0,25.2,3.9,1.0,3.0,2.0,9.0,4.5,0.0,17.0,4.2,rb
Jonathan Williams,WAS,5.0,0.0,17.0,79.0,15.8,4.6,1.0,6.0,4.0,28.0,7.0,0.0,16.7,3.3,rb
Qadree Ollison,PIT,8.0,6.6,21.0,105.0,13.1,5.0,1.0,6.0,4.0,12.0,3.0,0.0,15.7,2.0,rb
Royce Freeman,DAL,7.0,17.7,35.0,92.0,13.1,2.6,0.0,10.0,7.0,62.0,8.9,0.0,15.4,2.2,rb
Phillip Lindsay,IND,4.0,13.8,38.0,119.0,29.8,3.1,0.0,1.0,1.0,8.0,8.0,0.0,12.7,3.2,rb
Wayne Gallman,SEA,2.0,0.0,28.0,104.0,52.0,3.7,0.0,3.0,1.0,21.0,21.0,0.0,12.5,6.2,rb
Joshua Kelley,LAC,10.0,13.4,33.0,102.0,10.2,3.1,0.0,6.0,5.0,38.0,7.6,0.0,12.0,1.2,rb
Jalen Richard,LV,10.0,6.8,9.0,40.0,4.0,4.4,0.0,14.0,12.0,72.0,6.0,0.0,11.2,1.1,rb
Benny Snell,DET,17.0,4.1,36.0,98.0,5.8,2.7,0.0,4.0,2.0,13.0,6.5,0.0,11.1,0.7,rb
Marlon Mack,ARI,6.0,9.7,28.0,101.0,16.8,3.6,0.0,5.0,2.0,8.0,4.0,0.0,10.9,1.8,rb
Josh Jacobs,GB,17.0,48.3,340.0,1653.0,97.2,4.9,12.0,64.0,53.0,400.0,7.5,0.0,275.3,16.2,rb
Christian McCaffrey,SF,17.0,0.0,244.0,1139.0,67.0,4.7,8.0,108.0,85.0,741.0,8.7,5.0,271.4,16.0,rb
Derrick Henry,BAL,16.0,40.6,349.0,1538.0,96.1,4.4,13.0,41.0,33.0,398.0,12.1,0.0,269.8,16.9,rb
Austin Ekeler,WAS,17.0,43.2,204.0,915.0,53.8,4.5,13.0,127.0,107.0,722.0,6.7,5.0,265.7,15.6,rb
Nick Chubb,CLE,17.0,38.8,302.0,1525.0,89.7,5.0,12.0,37.0,27.0,239.0,8.9,1.0,254.4,15.0,rb
Saquon Barkley,PHI,16.0,53.5,295.0,1312.0,82.0,4.4,10.0,76.0,57.0,338.0,5.9,0.0,227.0,14.2,rb
Jamaal Williams,NO,17.0,26.2,262.0,1066.0,62.7,4.1,17.0,16.0,12.0,73.0,6.1,0.0,213.9,12.6,rb
Tony Pollard,TEN,16.0,35.6,193.0,1007.0,62.9,5.2,9.0,55.0,39.0,371.0,9.5,3.0,209.8,13.1,rb
Dalvin Cook,BAL,17.0,49.5,264.0,1173.0,69.0,4.4,8.0,56.0,39.0,295.0,7.6,2.0,198.8,11.7,rb
Miles Sanders,CAR,17.0,39.6,259.0,1269.0,74.6,4.9,11.0,26.0,20.0,78.0,3.9,0.0,196.7,11.6,rb
Aaron Jones,MIN,17.0,37.1,213.0,1121.0,65.9,5.3,2.0,72.0,59.0,395.0,6.7,5.0,189.6,11.2,rb
Najee Harris,PIT,17.0,44.9,272.0,1034.0,60.8,3.8,7.0,53.0,41.0,229.0,5.6,3.0,182.5,10.7,rb
Rhamondre Stevenson,NE,17.0,40.4,210.0,1040.0,61.2,5.0,5.0,88.0,69.0,421.0,6.1,1.0,180.1,10.6,rb
Joe Mixon,HOU,14.0,44.6,210.0,814.0,58.1,3.9,7.0,75.0,60.0,441.0,7.4,2.0,179.5,12.8,rb
Kenneth Walker,SEA,15.0,38.3,228.0,1050.0,70.0,4.6,9.0,35.0,27.0,165.0,6.1,0.0,175.5,11.7,rb
Travis Etienne,JAC,17.0,37.2,220.0,1125.0,66.2,5.1,5.0,45.0,35.0,316.0,9.0,0.0,170.1,10.0,rb
Ezekiel Elliott,DAL,15.0,37.2,231.0,876.0,58.4,3.8,12.0,23.0,17.0,92.0,5.4,0.0,168.8,11.3,rb
Alvin Kamara,NO,15.0,42.8,223.0,897.0,59.8,4.0,2.0,77.0,57.0,490.0,8.6,2.0,154.7,10.3,rb
James Conner,ARI,13.0,51.0,183.0,782.0,60.2,4.3,7.0,58.0,46.0,300.0,6.5,1.0,154.2,11.9,rb
Leonard Fournette,BUF,16.0,43.1,189.0,668.0,41.8,3.5,3.0,83.0,73.0,523.0,7.2,3.0,154.1,9.6,rb
David Montgomery,DET,16.0,39.3,201.0,801.0,50.1,4.0,5.0,40.0,34.0,316.0,9.3,1.0,143.7,9.0,rb
Tyler Allgeier,ATL,16.0,31.1,210.0,1035.0,64.7,4.9,3.0,17.0,16.0,139.0,8.7,1.0,143.4,9.0,rb
D'Andre Swift,CHI,14.0,28.1,99.0,542.0,38.7,5.5,5.0,70.0,48.0,389.0,8.1,3.0,143.1,10.2,rb
Jeff Wilson,MIA,16.0,0.0,176.0,860.0,53.8,4.9,5.0,37.0,22.0,185.0,8.4,1.0,140.5,8.8,rb
Jerick McKinnon,KC,17.0,31.5,72.0,291.0,17.1,4.0,1.0,71.0,56.0,512.0,9.1,9.0,140.3,8.3,rb
Devin Singletary,NYG,16.0,42.0,177.0,819.0,51.2,4.6,5.0,52.0,38.0,280.0,7.4,1.0,139.9,8.7,rb
AJ Dillon,GB,17.0,31.6,186.0,770.0,45.3,4.1,7.0,43.0,28.0,206.0,7.4,0.0,139.6,8.2,rb
Raheem Mostert,MIA,16.0,34.5,181.0,891.0,55.7,4.9,3.0,42.0,31.0,202.0,6.5,2.0,137.3,8.6,rb
Dameon Pierce,HOU,13.0,39.1,220.0,939.0,72.2,4.3,4.0,39.0,30.0,165.0,5.5,1.0,136.4,10.5,rb
Cam Akers,MIN,15.0,28.5,188.0,786.0,52.4,4.2,7.0,18.0,13.0,117.0,9.0,0.0,128.3,8.6,rb
Cordarrelle Patterson,PIT,13.0,29.4,144.0,695.0,53.5,4.8,8.0,31.0,21.0,122.0,5.8,0.0,127.7,9.8,rb
D'Onta Foreman,CLE,17.0,20.5,203.0,914.0,53.8,4.5,5.0,9.0,5.0,26.0,5.2,0.0,126.0,7.4,rb
Isiah Pacheco,KC,17.0,20.6,170.0,830.0,48.8,4.9,5.0,14.0,13.0,130.0,10.0,0.0,122.0,7.2,rb
Antonio Gibson,NE,15.0,32.6,149.0,546.0,36.4,3.7,3.0,58.0,46.0,353.0,7.7,2.0,119.9,8.0,rb
Jonathan Taylor,IND,11.0,47.6,192.0,861.0,78.3,4.5,4.0,40.0,28.0,143.0,5.1,0.0,118.4,10.8,rb
Latavius Murray,BUF,12.0,32.4,160.0,703.0,58.6,4.4,5.0,34.0,26.0,124.0,4.8,0.0,114.7,9.6,rb
Khalil Herbert,CHI,13.0,23.2,129.0,731.0,56.2,5.7,4.0,12.0,9.0,57.0,6.3,1.0,108.8,8.4,rb
Samaje Perine,DEN,16.0,28.0,95.0,394.0,24.6,4.1,2.0,51.0,38.0,287.0,7.6,4.0,104.1,6.5,rb
Brian Robinson,WAS,12.0,29.2,205.0,797.0,66.4,3.9,2.0,12.0,9.0,60.0,6.7,1.0,103.7,8.6,rb
Breece Hall,NYJ,7.0,33.3,80.0,463.0,66.1,5.8,4.0,31.0,19.0,218.0,11.5,1.0,96.1,13.7,rb
Kareem Hunt,CLE,17.0,28.9,123.0,468.0,27.5,3.8,3.0,44.0,35.0,210.0,6.0,1.0,91.8,5.4,rb
Rachaad White,TB,17.0,27.6,129.0,481.0,28.3,3.7,1.0,58.0,50.0,290.0,5.8,2.0,89.1,5.2,rb
Kenyan Drake,GB,12.0,30.4,109.0,482.0,40.2,4.4,4.0,26.0,17.0,89.0,5.2,1.0,87.1,7.3,rb
Michael Carter,ARI,16.0,31.0,114.0,402.0,25.1,3.5,3.0,54.0,41.0,288.0,7.0,0.0,85.0,5.3,rb
James Cook,BUF,16.0,16.8,89.0,507.0,31.7,5.7,2.0,32.0,21.0,180.0,8.6,1.0,84.7,5.3,rb
Clyde Edwards-Helaire,KC,10.0,22.4,71.0,302.0,30.2,4.3,3.0,23.0,17.0,151.0,8.9,3.0,81.3,8.1,rb
James Robinson,NO,11.0,0.0,110.0,425.0,38.6,3.9,3.0,14.0,11.0,51.0,4.6,2.0,77.6,7.1,rb
J.K. Dobbins,LAC,8.0,25.1,92.0,520.0,65.0,5.7,2.0,8.0,7.0,42.0,6.0,1.0,74.2,9.3,rb
Damien Harris,BUF,11.0,21.6,106.0,462.0,42.0,4.4,3.0,23.0,17.0,97.0,5.7,0.0,73.9,6.7,rb
Chuba Hubbard,CAR,15.0,17.6,95.0,466.0,31.1,4.9,2.0,17.0,14.0,171.0,12.2,0.0,73.7,4.9,rb
Alexander Mattison,LV,17.0,17.5,74.0,283.0,16.6,3.8,5.0,18.0,15.0,91.0,6.1,1.0,73.4,4.3,rb
Jaylen Warren,PIT,16.0,21.4,77.0,379.0,23.7,4.9,1.0,33.0,28.0,214.0,7.6,0.0,65.3,4.1,rb
Kenneth Gainwell,PHI,17.0,19.5,53.0,240.0,14.1,4.5,4.0,29.0,23.0,169.0,7.3,0.0,64.9,3.8,rb
Melvin Gordon,BAL,10.0,0.0,90.0,318.0,31.8,3.5,2.0,32.0,25.0,223.0,8.9,0.0,62.1,6.2,rb
Gus Edwards,LAC,9.0,17.7,87.0,433.0,48.1,5.0,3.0,2.0,0.0,0.0,0.0,0.0,59.3,6.6,rb
Chase Edmonds,TB,13.0,0.0,68.0,245.0,18.8,3.6,2.0,24.0,16.0,157.0,9.8,1.0,58.2,4.5,rb
Darrell Henderson,LA,10.0,0.0,70.0,283.0,28.3,4.0,3.0,22.0,17.0,102.0,6.0,0.0,56.5,5.7,rb
Dontrell Hilliard,TEN,12.0,16.7,22.0,145.0,12.1,6.6,0.0,26.0,21.0,177.0,8.4,4.0,56.2,4.7,rb
Zack Moss,CIN,13.0,0.0,93.0,456.0,35.1,4.9,1.0,13.0,11.0,39.0,3.5,0.0,55.5,4.3,rb
Deon Jackson,NYG,16.0,15.4,68.0,236.0,14.8,3.5,1.0,34.0,30.0,209.0,7.0,1.0,54.5,3.4,rb
Joshua Kelley,LAC,13.0,20.6,69.0,287.0,22.1,4.2,2.0,25.0,14.0,101.0,7.2,0.0,50.8,3.9,rb
JaMycal Hasty,NE,17.0,15.0,46.0,194.0,11.4,4.2,2.0,26.0,20.0,126.0,6.3,1.0,50.0,2.9,rb
Rashaad Penny,CAR,5.0,34.0,57.0,346.0,69.2,6.1,2.0,5.0,4.0,16.0,4.0,0.0,48.2,9.6,rb
Zonovan Knight,DET,7.0,28.3,85.0,300.0,42.9,3.5,1.0,14.0,13.0,100.0,7.7,0.0,46.0,6.6,rb
Caleb Huntley,ATL,12.0,10.0,76.0,366.0,30.5,4.8,1.0,2.0,2.0,3.0,1.5,0.0,42.9,3.6,rb
Boston Scott,LA,15.0,11.3,54.0,217.0,14.5,4.0,3.0,6.0,5.0,15.0,3.0,0.0,41.2,2.7,rb
Elijah Mitchell,SF,5.0,16.0,45.0,279.0,55.8,6.2,2.0,4.0,3.0,7.0,2.3,0.0,40.6,8.1,rb
Matt Breida,NYG,17.0,15.5,54.0,220.0,12.9,4.1,1.0,25.0,20.0,118.0,5.9,0.0,39.8,2.3,rb
Nyheim Hines,CLE,16.0,0.0,24.0,33.0,2.1,1.4,1.0,37.0,30.0,241.0,8.0,1.0,39.4,2.5,rb
Justin Jackson,DET,16.0,11.6,42.0,170.0,10.6,4.0,1.0,19.0,12.0,101.0,8.4,1.0,39.1,2.4,rb
Rex Burkhead,HOU,16.0,15.7,26.0,80.0,5.0,3.1,0.0,51.0,37.0,204.0,5.5,1.0,34.4,2.1,rb
Mark Ingram,NO,10.0,20.5,62.0,233.0,23.3,3.8,1.0,18.0,16.0,68.0,4.3,0.0,34.1,3.4,rb
Raheem Blackshear,CAR,13.0,7.0,23.0,77.0,5.9,3.3,3.0,12.0,10.0,93.0,9.3,0.0,33.0,2.5,rb
Jordan Mason,SF,16.0,6.7,43.0,258.0,16.1,6.0,1.0,0.0,0.0,0.0,0.0,0.0,31.8,2.0,rb
Ty Johnson,BUF,17.0,10.1,30.0,160.0,9.4,5.3,1.0,24.0,12.0,88.0,7.3,0.0,30.8,1.8,rb
Marlon Mack,ARI,6.0,7.0,16.0,84.0,14.0,5.2,1.0,10.0,8.0,99.0,12.4,1.0,30.3,5.0,rb
DeeJay Dallas,ARI,15.0,13.9,35.0,186.0,12.4,5.3,0.0,19.0,17.0,126.0,7.4,0.0,30.2,2.0,rb
Justice Hill,BAL,15.0,17.7,49.0,262.0,17.5,5.3,0.0,12.0,12.0,58.0,4.8,0.0,30.0,2.0,rb
Ameer Abdullah,LV,17.0,11.0,4.0,20.0,1.2,5.0,0.0,32.0,25.0,211.0,8.4,1.0,29.1,1.7,rb
J.D. McKissic,WAS,8.0,27.6,22.0,95.0,11.9,4.3,0.0,40.0,27.0,173.0,6.4,0.0,28.8,3.6,rb
Dare Ogunbowale,HOU,17.0,10.8,42.0,123.0,7.2,2.9,1.0,26.0,20.0,104.0,5.2,0.0,28.7,1.7,rb
Malik Davis,DAL,12.0,6.5,38.0,161.0,13.4,4.2,1.0,7.0,6.0,63.0,10.5,0.0,28.4,2.4,rb
Travis Homer,CHI,10.0,16.5,19.0,74.0,7.4,3.9,0.0,18.0,16.0,157.0,9.8,1.0,27.1,2.7,rb
Javonte Williams,DEN,4.0,35.5,47.0,204.0,51.0,4.3,0.0,22.0,16.0,76.0,4.8,0.0,26.0,6.5,rb
Gary Brightwell,NYG,17.0,7.1,31.0,141.0,8.3,4.5,1.0,8.0,5.0,39.0,7.8,0.0,24.0,1.4,rb
Craig Reynolds,DET,9.0,11.4,23.0,102.0,11.3,4.4,0.0,10.0,9.0,116.0,12.9,0.0,21.8,2.4,rb
Kyren Williams,LA,10.0,14.1,35.0,139.0,13.9,4.0,0.0,12.0,9.0,76.0,8.4,0.0,21.5,2.1,rb
Avery Williams,ATL,17.0,8.3,22.0,109.0,6.4,5.0,1.0,14.0,13.0,61.0,4.7,0.0,21.0,1.2,rb
Pierre Strong,CLE,15.0,1.9,10.0,100.0,6.7,10.0,1.0,7.0,7.0,42.0,6.0,0.0,20.2,1.3,rb
Mike Boone,CAR,9.0,12.0,24.0,102.0,11.3,4.2,0.0,15.0,9.0,96.0,10.7,0.0,19.8,2.2,rb
Jonathan Williams,WAS,13.0,7.6,37.0,152.0,11.7,4.1,0.0,10.0,7.0,40.0,5.7,0.0,19.2,1.5,rb
Brandon Bolden,LV,16.0,8.5,17.0,66.0,4.1,3.9,0.0,9.0,9.0,57.0,6.3,1.0,18.3,1.1,rb
Malcolm Brown,LA,11.0,8.5,18.0,81.0,7.4,4.5,1.0,6.0,5.0,37.0,7.4,0.0,17.8,1.6,rb
Darrel Williams,NO,6.0,16.5,21.0,102.0,17.0,4.9,1.0,8.0,4.0,9.0,2.3,0.0,17.1,2.9,rb
Corey Clement,ARI,9.0,8.0,15.0,55.0,6.1,3.7,1.0,7.0,5.0,54.0,10.8,0.0,16.9,1.9,rb
Benny Snell,DET,17.0,3.3,20.0,90.0,5.3,4.5,1.0,2.0,2.0,17.0,8.5,0.0,16.7,1.0,rb
Sony Michel,LA,10.0,12.5,36.0,106.0,10.6,2.9,0.0,13.0,9.0,53.0,5.9,0.0,15.9,1.6,rb
Hassan Haskins,TEN,15.0,9.7,25.0,93.0,6.2,3.7,0.0,12.0,11.0,57.0,5.2,0.0,15.0,1.0,rb
Royce Freeman,DAL,4.0,26.5,41.0,117.0,29.2,2.9,0.0,8.0,6.0,33.0,5.5,0.0,13.0,3.2,rb
Christian McCaffrey,SF,16.0,37.5,272.0,1459.0,91.2,5.4,14.0,83.0,67.0,564.0,8.4,7.0,324.3,20.3,rb
Raheem Mostert,MIA,15.0,28.8,209.0,1012.0,67.5,4.8,18.0,32.0,25.0,175.0,7.0,3.0,242.7,16.2,rb
Travis Etienne,JAC,17.0,45.3,267.0,1008.0,59.3,3.8,11.0,73.0,58.0,476.0,8.2,1.0,224.4,13.2,rb
Kyren Williams,LA,12.0,51.9,228.0,1144.0,95.3,5.0,12.0,48.0,32.0,206.0,6.4,3.0,223.0,18.6,rb
Derrick Henry,BAL,17.0,26.9,280.0,1167.0,68.6,4.2,12.0,36.0,28.0,214.0,7.6,0.0,218.7,12.9,rb
Joe Mixon,HOU,17.0,28.1,257.0,1034.0,60.8,4.0,9.0,64.0,52.0,376.0,7.2,3.0,215.0,12.6,rb
Breece Hall,NYJ,17.0,31.4,223.0,994.0,58.5,4.5,5.0,95.0,76.0,591.0,7.8,4.0,214.5,12.6,rb
Rachaad White,TB,17.0,44.9,272.0,990.0,58.2,3.6,6.0,70.0,64.0,549.0,8.6,3.0,203.9,12.0,rb
David Montgomery,DET,14.0,28.3,219.0,1015.0,72.5,4.6,13.0,24.0,16.0,117.0,7.3,0.0,191.2,13.7,rb
Jahmyr Gibbs,DET,15.0,29.6,182.0,945.0,63.0,5.2,10.0,71.0,52.0,316.0,6.1,1.0,190.1,12.7,rb
James Cook,BUF,17.0,26.0,237.0,1122.0,66.0,4.7,2.0,54.0,44.0,445.0,10.1,4.0,188.7,11.1,rb
Bijan Robinson,ATL,17.0,45.3,214.0,976.0,57.4,4.6,4.0,86.0,58.0,487.0,8.4,4.0,188.3,11.1,rb
Saquon Barkley,PHI,14.0,37.2,247.0,962.0,68.7,3.9,6.0,60.0,41.0,280.0,6.8,4.0,182.2,13.0,rb
Gus Edwards,LAC,17.0,19.1,198.0,810.0,47.6,4.1,13.0,13.0,12.0,180.0,15.0,0.0,175.0,10.3,rb
James Conner,ARI,13.0,33.1,208.0,1040.0,80.0,5.0,7.0,33.0,27.0,165.0,6.1,2.0,174.5,13.4,rb
Kenneth Walker,SEA,15.0,27.9,219.0,905.0,60.3,4.1,8.0,37.0,29.0,259.0,8.9,1.0,170.4,11.4,rb
Isiah Pacheco,KC,14.0,24.2,205.0,935.0,66.8,4.6,7.0,49.0,44.0,244.0,5.5,2.0,169.9,12.1,rb
Tony Pollard,TEN,17.0,36.8,252.0,1005.0,59.1,4.0,6.0,67.0,55.0,311.0,5.7,0.0,167.6,9.9,rb
Jerome Ford,CLE,17.0,34.5,204.0,813.0,47.8,4.0,4.0,63.0,44.0,319.0,7.3,5.0,167.2,9.8,rb
Najee Harris,PIT,17.0,22.1,255.0,1035.0,60.9,4.1,8.0,38.0,29.0,170.0,5.9,0.0,166.5,9.8,rb
De'Von Achane,MIA,11.0,21.3,103.0,800.0,72.7,7.8,8.0,37.0,27.0,197.0,7.3,3.0,163.7,14.9,rb
Brian Robinson,WAS,15.0,27.7,178.0,733.0,48.9,4.1,5.0,43.0,36.0,368.0,10.2,4.0,162.1,10.8,rb
D'Andre Swift,CHI,16.0,28.7,229.0,1049.0,65.6,4.6,5.0,49.0,39.0,214.0,5.5,1.0,160.3,10.0,rb
Alvin Kamara,NO,13.0,37.8,180.0,694.0,53.4,3.9,5.0,86.0,75.0,466.0,6.2,1.0,158.0,12.2,rb
Josh Jacobs,GB,13.0,39.4,233.0,805.0,61.9,3.5,6.0,54.0,37.0,296.0,8.0,0.0,144.1,11.1,rb
Chuba Hubbard,CAR,17.0,38.2,238.0,902.0,53.1,3.8,5.0,44.0,39.0,233.0,6.0,0.0,143.5,8.4,rb
Zack Moss,CIN,14.0,36.6,183.0,794.0,56.7,4.3,5.0,37.0,27.0,192.0,7.1,2.0,142.6,10.2,rb
Jonathan Taylor,IND,10.0,38.6,169.0,741.0,74.1,4.4,7.0,23.0,19.0,153.0,8.1,1.0,137.4,13.7,rb
Devin Singletary,NYG,17.0,37.0,216.0,898.0,52.8,4.2,4.0,38.0,30.0,193.0,6.4,0.0,137.3,8.1,rb
Jaylen Warren,PIT,17.0,18.8,149.0,784.0,46.1,5.3,4.0,74.0,61.0,370.0,6.1,0.0,135.4,8.0,rb
Austin Ekeler,WAS,14.0,22.2,179.0,628.0,44.9,3.5,5.0,74.0,51.0,436.0,8.5,1.0,134.4,9.6,rb
Javonte Williams,DEN,16.0,19.6,217.0,774.0,48.4,3.6,3.0,58.0,47.0,228.0,4.9,2.0,132.2,8.3,rb
Ezekiel Elliott,DAL,17.0,25.8,184.0,642.0,37.8,3.5,3.0,65.0,51.0,313.0,6.1,2.0,123.5,7.3,rb
Tyler Allgeier,ATL,17.0,21.1,186.0,683.0,40.2,3.7,4.0,23.0,18.0,193.0,10.7,1.0,119.6,7.0,rb
Rhamondre Stevenson,NE,12.0,40.4,156.0,619.0,51.6,4.0,4.0,51.0,38.0,238.0,6.3,0.0,107.7,9.0,rb
Aaron Jones,MIN,11.0,23.9,142.0,656.0,59.6,4.6,2.0,43.0,30.0,233.0,7.8,1.0,104.9,9.5,rb
Kareem Hunt,CLE,15.0,22.6,135.0,411.0,27.4,3.0,9.0,21.0,15.0,84.0,5.6,0.0,103.5,6.9,rb
Alexander Mattison,LV,16.0,27.7,180.0,700.0,43.8,3.9,0.0,44.0,30.0,192.0,6.4,3.0,103.2,6.5,rb
Tyjae Spears,TEN,17.0,25.6,100.0,453.0,26.6,4.5,2.0,70.0,52.0,385.0,7.4,1.0,101.8,6.0,rb
AJ Dillon,GB,15.0,25.1,178.0,613.0,40.9,3.4,2.0,28.0,22.0,223.0,10.1,0.0,95.6,6.4,rb
Khalil Herbert,CHI,12.0,26.5,132.0,611.0,50.9,4.6,2.0,31.0,20.0,134.0,6.7,1.0,92.5,7.7,rb
Justice Hill,BAL,16.0,19.5,84.0,387.0,24.2,4.6,3.0,39.0,28.0,206.0,7.4,1.0,81.3,5.1,rb
D'Onta Foreman,CLE,9.0,23.3,109.0,425.0,47.2,3.9,4.0,16.0,11.0,77.0,7.0,1.0,80.2,8.9,rb
Ty Chandler,MIN,17.0,10.5,102.0,461.0,27.1,4.5,3.0,25.0,21.0,159.0,7.6,0.0,80.0,4.7,rb
Antonio Gibson,NE,16.0,24.5,65.0,265.0,16.6,4.1,1.0,59.0,48.0,389.0,8.1,2.0,79.4,5.0,rb
Jaleel McLaughlin,DEN,17.0,7.1,76.0,410.0,24.1,5.4,1.0,36.0,31.0,160.0,5.2,2.0,75.0,4.4,rb
Rico Dowdle,DAL,16.0,10.6,89.0,361.0,22.6,4.1,2.0,22.0,17.0,144.0,8.5,2.0,74.5,4.7,rb
Zach Charbonnet,SEA,16.0,18.9,108.0,462.0,28.9,4.3,1.0,40.0,33.0,209.0,6.3,0.0,73.1,4.6,rb
Samaje Perine,DEN,17.0,13.3,53.0,238.0,14.0,4.5,1.0,56.0,50.0,455.0,9.1,0.0,71.3,4.2,rb
Roschon Johnson,CHI,15.0,17.7,81.0,352.0,23.5,4.3,2.0,40.0,34.0,209.0,6.1,0.0,68.1,4.5,rb
Kenneth Gainwell,PHI,16.0,18.2,84.0,364.0,22.8,4.3,2.0,37.0,30.0,183.0,6.1,0.0,67.4,4.2,rb
Latavius Murray,BUF,16.0,16.7,79.0,300.0,18.8,3.8,4.0,22.0,17.0,119.0,7.0,0.0,65.9,4.1,rb
Dameon Pierce,HOU,14.0,21.3,145.0,416.0,29.7,2.9,2.0,17.0,13.0,101.0,7.8,0.0,63.7,4.5,rb
Keaton Mitchell,BAL,8.0,6.6,47.0,396.0,49.5,8.4,2.0,11.0,9.0,93.0,10.3,0.0,60.9,7.6,rb
Miles Sanders,CAR,16.0,23.9,129.0,432.0,27.0,3.3,1.0,41.0,27.0,154.0,5.7,0.0,60.6,3.8,rb
Jerick McKinnon,KC,12.0,18.8,21.0,60.0,5.0,2.9,1.0,32.0,25.0,192.0,7.7,4.0,59.4,5.0,rb
Zamir White,LV,17.0,5.4,104.0,451.0,26.5,4.3,1.0,19.0,15.0,98.0,6.5,0.0,58.9,3.5,rb
Joshua Kelley,LAC,17.0,17.5,107.0,405.0,23.8,3.8,2.0,12.0,8.0,32.0,4.0,0.0,53.7,3.2,rb
Clyde Edwards-Helaire,KC,15.0,11.0,70.0,223.0,14.9,3.2,1.0,22.0,17.0,188.0,11.1,1.0,53.1,3.5,rb
Emari Demercado,ARI,14.0,19.5,58.0,284.0,20.3,4.9,2.0,30.0,21.0,119.0,5.7,0.0,52.3,3.7,rb
Royce Freeman,DAL,14.0,12.9,77.0,319.0,22.8,4.1,2.0,2.0,1.0,13.0,13.0,0.0,45.2,3.2,rb
Jamaal Williams,NO,13.0,20.8,106.0,306.0,23.5,2.9,1.0,20.0,18.0,62.0,3.4,0.0,42.8,3.3,rb
Jordan Mason,SF,17.0,3.9,40.0,206.0,12.1,5.2,3.0,4.0,3.0,31.0,10.3,0.0,41.7,2.5,rb
Elijah Mitchell,SF,11.0,7.5,75.0,281.0,25.5,3.7,2.0,8.0,6.0,14.0,2.3,0.0,41.5,3.8,rb
Chase Brown,CIN,12.0,3.7,44.0,179.0,14.9,4.1,0.0,15.0,14.0,156.0,11.1,1.0,39.5,3.3,rb
Pierre Strong,CLE,17.0,9.1,63.0,291.0,17.1,4.6,1.0,8.0,5.0,47.0,9.4,0.0,37.8,2.2,rb
Chris Rodriguez,WAS,13.0,7.1,51.0,247.0,19.0,4.8,2.0,2.0,2.0,12.0,6.0,0.0,35.9,2.8,rb
Darrell Henderson,LA,4.0,31.5,46.0,112.0,28.0,2.4,2.0,14.0,10.0,103.0,10.3,0.0,33.5,8.4,rb
Kendre Miller,NO,8.0,14.0,41.0,156.0,19.5,3.8,1.0,11.0,10.0,117.0,11.7,0.0,33.3,4.2,rb
Matt Breida,NYG,17.0,14.6,55.0,151.0,8.9,2.7,1.0,21.0,17.0,88.0,5.2,0.0,29.9,1.8,rb
Cordarrelle Patterson,PIT,14.0,12.0,50.0,181.0,12.9,3.6,0.0,12.0,9.0,38.0,4.2,1.0,27.9,2.0,rb
Jeff Wilson,MIA,10.0,8.8,41.0,188.0,18.8,4.6,0.0,17.0,14.0,85.0,6.1,0.0,27.3,2.7,rb
Salvon Ahmed,MIA,8.0,14.0,22.0,61.0,7.6,2.8,1.0,23.0,16.0,88.0,5.5,1.0,26.9,3.4,rb
Cam Akers,MIN,6.0,14.0,38.0,138.0,23.0,3.6,1.0,12.0,11.0,70.0,6.4,0.0,26.8,4.5,rb
Chase Edmonds,TB,13.0,10.2,49.0,176.0,13.5,3.6,0.0,17.0,14.0,81.0,5.8,0.0,25.7,2.0,rb
Ty Johnson,BUF,10.0,7.7,30.0,132.0,13.2,4.4,0.0,7.0,7.0,62.0,8.9,1.0,25.4,2.5,rb
Dalvin Cook,BAL,15.0,0.0,67.0,214.0,14.3,3.2,0.0,20.0,15.0,78.0,5.2,0.0,25.2,1.7,rb
D'Ernest Johnson,JAC,17.0,8.9,41.0,108.0,6.4,2.6,0.0,12.0,10.0,140.0,14.0,0.0,24.8,1.5,rb
Craig Reynolds,DET,17.0,5.9,41.0,179.0,10.5,4.4,1.0,5.0,5.0,47.0,9.4,0.0,24.6,1.4,rb
Michael Carter,ARI,6.0,10.0,22.0,149.0,24.8,6.8,0.0,11.0,9.0,33.0,3.7,1.0,24.2,4.0,rb
Ameer Abdullah,LV,17.0,8.2,15.0,89.0,5.2,5.9,0.0,24.0,19.0,131.0,6.9,0.0,22.0,1.3,rb
Tank Bigsby,JAC,17.0,8.0,50.0,132.0,7.8,2.6,2.0,4.0,1.0,6.0,6.0,0.0,21.8,1.3,rb
Darrynton Evans,BUF,5.0,12.8,30.0,105.0,21.0,3.5,1.0,12.0,7.0,49.0,7.0,0.0,21.4,4.3,rb
Nick Chubb,CLE,2.0,18.0,28.0,170.0,85.0,6.1,0.0,4.0,4.0,21.0,5.3,0.0,19.1,9.6,rb
Patrick Taylor,SF,11.0,0.0,32.0,141.0,12.8,4.4,0.0,17.0,11.0,49.0,4.5,0.0,19.0,1.7,rb
Kevin Harris,NE,4.0,6.0,16.0,65.0,16.2,4.1,1.0,3.0,3.0,58.0,19.3,0.0,18.3,4.6,rb
Trey Sermon,IND,14.0,5.1,35.0,160.0,11.4,4.6,0.0,6.0,3.0,13.0,4.3,0.0,17.3,1.2,rb
Damien Harris,BUF,6.0,10.0,23.0,94.0,15.7,4.1,1.0,2.0,2.0,16.0,8.0,0.0,17.0,2.8,rb
Melvin Gordon,BAL,4.0,14.0,26.0,81.0,20.2,3.1,1.0,3.0,3.0,46.0,15.3,0.0,16.7,4.2,rb
Ronnie Rivers,LA,9.0,4.9,32.0,129.0,14.3,4.0,0.0,5.0,5.0,22.0,4.4,0.0,15.1,1.7,rb
Isaiah Spiller,LAC,9.0,5.6,37.0,96.0,10.7,2.6,0.0,6.0,6.0,34.0,5.7,0.0,13.0,1.4,rb
Tyler Goodson,IND,6.0,5.7,13.0,87.0,14.5,6.7,0.0,9.0,6.0,34.0,5.7,0.0,12.1,2.0,rb
Boston Scott,LA,15.0,2.3,20.0,86.0,5.7,4.3,0.0,6.0,4.0,52.0,13.0,0.0,11.8,0.8,rb
La'Mical Perine,KC,3.0,0.0,22.0,77.0,25.7,3.5,0.0,5.0,3.0,33.0,11.0,0.0,11.0,3.7,rb
Emanuel Wilson,GB,7.0,4.0,14.0,85.0,12.1,6.1,0.0,5.0,4.0,23.0,5.8,0.0,10.8,1.5,rb
Chris Brooks,MIA,9.0,3.2,19.0,106.0,11.8,5.6,0.0,0.0,0.0,0.0,0.0,0.0,10.6,1.2,rb
Keaontay Ingram,KC,8.0,0.0,35.0,74.0,9.2,2.1,0.0,4.0,4.0,26.0,6.5,0.0,10.0,1.2,rb
Israel Abanikanda,NYJ,6.0,12.8,22.0,70.0,11.7,3.2,0.0,11.0,7.0,43.0,6.1,0.0,9.3,1.6,rb
Davante Adams,LV,14.0,55.4,0.0,0.0,0.0,0.0,0.0,149.0,115.0,1374.0,11.9,18.0,243.4,17.4,wr
Tyreek Hill,MIA,15.0,60.1,13.0,123.0,0.0,9.5,2.0,135.0,87.0,1276.0,14.7,15.0,241.9,16.1,wr
Stefon Diggs,HOU,16.0,60.3,1.0,1.0,0.0,1.0,0.0,166.0,127.0,1535.0,12.1,8.0,201.6,12.6,wr
Calvin Ridley,TEN,15.0,0.0,5.0,1.0,0.0,0.2,0.0,143.0,90.0,1374.0,15.3,9.0,191.5,12.8,wr
DK Metcalf,SEA,16.0,59.7,0.0,0.0,0.0,0.0,0.0,129.0,83.0,1303.0,15.7,10.0,188.3,11.8,wr
Justin Jefferson,MIN,16.0,55.4,1.0,2.0,0.0,2.0,0.0,125.0,88.0,1400.0,15.9,7.0,186.2,11.6,wr
Adam Thielen,CAR,15.0,61.7,3.0,15.0,0.0,5.0,0.0,108.0,74.0,925.0,12.5,14.0,180.0,12.0,wr
Mike Evans,TB,16.0,49.7,0.0,0.0,0.0,0.0,0.0,109.0,70.0,1006.0,14.4,13.0,178.6,11.2,wr
DeAndre Hopkins,TEN,16.0,60.6,1.0,1.0,0.0,1.0,0.0,160.0,115.0,1407.0,12.2,6.0,172.8,10.8,wr
A.J. Brown,PHI,14.0,54.2,0.0,0.0,0.0,0.0,0.0,106.0,70.0,1075.0,15.4,11.0,171.5,12.2,wr
Tyler Lockett,SEA,16.0,59.0,0.0,0.0,0.0,0.0,0.0,132.0,100.0,1054.0,10.5,10.0,165.4,10.3,wr
Allen Robinson,NYG,16.0,56.9,1.0,-1.0,0.0,-1.0,0.0,151.0,102.0,1250.0,12.3,6.0,160.9,10.1,wr
Robert Woods,HOU,16.0,62.5,24.0,155.0,0.0,6.5,2.0,129.0,90.0,936.0,10.4,6.0,155.1,9.7,wr
Chase Claypool,BUF,16.0,0.0,10.0,16.0,0.0,1.6,2.0,109.0,62.0,873.0,14.1,9.0,154.9,9.7,wr
Marvin Jones,DET,16.0,55.8,0.0,0.0,0.0,0.0,0.0,115.0,76.0,978.0,12.9,9.0,151.8,9.5,wr
Brandin Cooks,DAL,15.0,53.5,0.0,0.0,0.0,0.0,0.0,119.0,81.0,1150.0,14.2,6.0,151.0,10.1,wr
DJ Moore,CHI,15.0,52.2,2.0,22.0,0.0,11.0,0.0,118.0,66.0,1193.0,18.1,4.0,145.5,9.7,wr
Keenan Allen,CHI,14.0,62.4,1.0,-1.0,0.0,-1.0,0.0,147.0,100.0,992.0,9.9,8.0,145.1,10.4,wr
Amari Cooper,CLE,16.0,58.9,6.0,14.0,0.0,2.3,0.0,130.0,92.0,1114.0,12.1,5.0,144.8,9.1,wr
CeeDee Lamb,DAL,16.0,45.6,10.0,82.0,0.0,8.2,1.0,111.0,74.0,935.0,12.6,5.0,137.7,8.6,wr
Nelson Agholor,BAL,16.0,45.7,0.0,0.0,0.0,0.0,0.0,82.0,48.0,896.0,18.7,8.0,137.6,8.6,wr
JuJu Smith-Schuster,NE,16.0,57.7,0.0,0.0,0.0,0.0,0.0,128.0,97.0,831.0,8.6,9.0,137.1,8.6,wr
Terry McLaurin,WAS,15.0,63.3,2.0,30.0,0.0,15.0,0.0,134.0,87.0,1118.0,12.9,4.0,136.8,9.1,wr
William Fuller,MIA,11.0,52.5,1.0,0.0,0.0,0.0,0.0,75.0,53.0,879.0,16.6,8.0,135.9,12.4,wr
Curtis Samuel,BUF,15.0,40.9,41.0,200.0,0.0,4.9,2.0,97.0,77.0,851.0,11.1,3.0,135.1,9.0,wr
Diontae Johnson,CAR,15.0,48.9,3.0,15.0,0.0,5.0,0.0,144.0,88.0,923.0,10.5,7.0,133.8,8.9,wr
Robbie Chosen,MIA,16.0,0.0,4.0,15.0,0.0,3.8,0.0,136.0,95.0,1096.0,11.5,3.0,129.1,8.1,wr
Tee Higgins,CIN,16.0,49.4,5.0,28.0,0.0,5.6,0.0,108.0,67.0,908.0,13.6,6.0,127.6,8.0,wr
Corey Davis,NYJ,14.0,51.3,0.0,0.0,0.0,0.0,0.0,92.0,65.0,984.0,15.1,5.0,126.4,9.0,wr
Chris Godwin,TB,12.0,52.0,0.0,0.0,0.0,0.0,0.0,84.0,65.0,840.0,12.9,7.0,126.0,10.5,wr
Cole Beasley,NYG,15.0,45.3,0.0,0.0,0.0,0.0,0.0,107.0,82.0,967.0,11.8,4.0,125.5,8.4,wr
Hollywood Brown,KC,16.0,48.3,1.0,1.0,0.0,1.0,0.0,100.0,58.0,769.0,13.3,8.0,125.0,7.8,wr
Brandon Aiyuk,SF,12.0,56.3,6.0,77.0,0.0,12.8,2.0,96.0,60.0,748.0,12.5,5.0,124.5,10.4,wr
Cooper Kupp,LA,15.0,56.1,4.0,33.0,0.0,8.2,0.0,124.0,92.0,974.0,10.6,3.0,116.7,7.8,wr
Jarvis Landry,NO,15.0,46.6,4.0,10.0,0.0,2.5,1.0,101.0,72.0,840.0,11.7,3.0,116.0,7.7,wr
Michael Gallup,LV,16.0,62.7,0.0,0.0,0.0,0.0,0.0,105.0,59.0,843.0,14.3,5.0,114.3,7.1,wr
Tyler Boyd,TEN,15.0,49.7,5.0,49.0,0.0,9.8,0.0,110.0,79.0,841.0,10.6,4.0,113.6,7.6,wr
Jamison Crowder,WAS,12.0,49.4,1.0,14.0,0.0,14.0,0.0,89.0,59.0,699.0,11.8,6.0,113.0,9.4,wr
Tim Patrick,DEN,15.0,50.0,0.0,0.0,0.0,0.0,0.0,79.0,51.0,742.0,14.5,6.0,110.2,7.3,wr
Russell Gage,TB,16.0,47.6,2.0,9.0,0.0,4.5,0.0,109.0,72.0,786.0,10.9,4.0,109.1,6.8,wr
T.Y. Hilton,DAL,15.0,45.9,0.0,0.0,0.0,0.0,0.0,93.0,56.0,762.0,13.6,5.0,108.2,7.2,wr
Mike Williams,NYJ,15.0,53.1,1.0,1.0,0.0,1.0,0.0,85.0,48.0,756.0,15.8,5.0,105.7,7.0,wr
Jerry Jeudy,CLE,16.0,50.3,0.0,0.0,0.0,0.0,0.0,113.0,52.0,856.0,16.5,3.0,105.6,6.6,wr
Marquez Valdes-Scantling,KC,16.0,43.6,4.0,13.0,0.0,3.2,0.0,63.0,33.0,690.0,20.9,6.0,104.3,6.5,wr
Emmanuel Sanders,BUF,14.0,37.0,1.0,12.0,0.0,12.0,0.0,82.0,61.0,726.0,11.9,5.0,103.8,7.4,wr
DeVante Parker,PHI,14.0,51.9,0.0,0.0,0.0,0.0,0.0,103.0,63.0,793.0,12.6,4.0,103.3,7.4,wr
Gabe Davis,JAC,16.0,49.8,1.0,0.0,0.0,0.0,0.0,62.0,35.0,599.0,17.1,7.0,101.9,6.4,wr
DJ Chark,LAC,13.0,54.0,0.0,0.0,0.0,0.0,0.0,93.0,53.0,706.0,13.3,5.0,100.6,7.7,wr
Laviska Shenault,SEA,14.0,41.8,18.0,91.0,0.0,5.1,0.0,79.0,58.0,600.0,10.3,5.0,99.1,7.1,wr
Christian Kirk,JAC,14.0,50.9,2.0,3.0,0.0,1.5,0.0,79.0,48.0,621.0,12.9,6.0,98.4,7.0,wr
Sterling Shepard,NYG,12.0,46.8,6.0,49.0,0.0,8.2,1.0,90.0,66.0,656.0,9.9,3.0,96.5,8.0,wr
Julio Jones,PHI,9.0,52.0,0.0,0.0,0.0,0.0,0.0,68.0,51.0,771.0,15.1,3.0,95.1,10.6,wr
Keelan Cole,LV,16.0,49.1,1.0,2.0,0.0,2.0,0.0,88.0,55.0,642.0,11.7,5.0,94.4,5.9,wr
Zach Pascal,ARI,16.0,52.2,0.0,0.0,0.0,0.0,0.0,71.0,44.0,629.0,14.3,5.0,92.9,5.8,wr
Darnell Mooney,ATL,16.0,48.8,4.0,20.0,0.0,5.0,0.0,98.0,61.0,631.0,10.3,4.0,91.1,5.7,wr
Darius Slayton,NYG,16.0,54.8,2.0,-1.0,0.0,-0.5,0.0,96.0,50.0,751.0,15.0,3.0,91.0,5.7,wr
Rashard Higgins,CAR,13.0,38.2,0.0,0.0,0.0,0.0,0.0,52.0,37.0,599.0,16.2,4.0,83.9,6.5,wr
David Moore,CAR,16.0,30.1,8.0,61.0,0.0,7.6,0.0,47.0,35.0,417.0,11.9,6.0,83.8,5.2,wr
Jakobi Meyers,LV,14.0,46.5,2.0,9.0,0.0,4.5,0.0,81.0,59.0,729.0,12.4,0.0,83.5,6.0,wr
Mecole Hardman,KC,16.0,31.2,4.0,31.0,0.0,7.8,0.0,62.0,41.0,560.0,13.7,4.0,81.1,5.1,wr
Kendrick Bourne,NE,15.0,44.6,0.0,0.0,0.0,0.0,0.0,74.0,49.0,667.0,13.6,2.0,80.7,5.4,wr
Greg Ward,PHI,16.0,49.4,2.0,-4.0,0.0,-2.0,0.0,79.0,53.0,419.0,7.9,6.0,80.1,5.0,wr
Travis Fulgham,GB,13.0,41.6,0.0,0.0,0.0,0.0,0.0,67.0,38.0,539.0,14.2,4.0,77.9,6.0,wr
Hunter Renfrow,LV,16.0,34.4,0.0,0.0,0.0,0.0,0.0,77.0,56.0,656.0,11.7,2.0,75.6,4.7,wr
Josh Reynolds,DEN,16.0,50.2,1.0,5.0,0.0,5.0,0.0,81.0,52.0,618.0,11.9,2.0,72.3,4.5,wr
Antonio Brown,TB,8.0,34.6,2.0,-2.0,0.0,-1.0,0.0,62.0,45.0,483.0,10.7,4.0,72.1,9.0,wr
Scott Miller,PIT,16.0,22.3,3.0,14.0,0.0,4.7,0.0,53.0,33.0,501.0,15.2,3.0,69.5,4.3,wr
James Washington,IND,16.0,30.4,0.0,0.0,0.0,0.0,0.0,56.0,30.0,392.0,13.1,5.0,69.2,4.3,wr
Tre'Quan Smith,DET,14.0,44.8,1.0,3.0,0.0,3.0,0.0,50.0,34.0,448.0,13.2,4.0,69.1,4.9,wr
Jalen Guyton,LV,16.0,53.3,2.0,0.0,0.0,0.0,0.0,55.0,28.0,511.0,18.3,3.0,69.1,4.3,wr
Breshad Perriman,IND,12.0,54.2,1.0,6.0,0.0,6.0,0.0,60.0,30.0,505.0,16.8,3.0,69.1,5.8,wr
Damiere Byrd,HOU,16.0,50.2,2.0,15.0,0.0,7.5,0.0,77.0,47.0,604.0,12.9,1.0,67.9,4.2,wr
Allen Lazard,NYJ,10.0,47.0,2.0,17.0,0.0,8.5,0.0,46.0,33.0,451.0,13.7,3.0,64.8,6.5,wr
A.J. Green,ARI,16.0,51.2,0.0,0.0,0.0,0.0,0.0,104.0,47.0,523.0,11.1,2.0,64.3,4.0,wr
Odell Beckham,MIA,7.0,45.1,3.0,72.0,0.0,24.0,1.0,43.0,23.0,319.0,13.9,3.0,63.8,9.1,wr
John Brown,BUF,9.0,50.3,0.0,0.0,0.0,0.0,0.0,52.0,33.0,458.0,13.9,3.0,63.8,7.1,wr
Isaiah McKenzie,NYG,16.0,16.5,10.0,9.0,0.0,0.9,0.0,34.0,30.0,282.0,9.4,5.0,63.6,4.0,wr
Demarcus Robinson,LA,16.0,41.8,0.0,0.0,0.0,0.0,0.0,59.0,45.0,466.0,10.4,3.0,62.6,3.9,wr
Randall Cobb,NYJ,10.0,36.9,0.0,0.0,0.0,0.0,0.0,48.0,38.0,441.0,11.6,3.0,62.1,6.2,wr
Willie Snead,SF,13.0,41.2,0.0,0.0,0.0,0.0,0.0,48.0,33.0,432.0,13.1,3.0,61.2,4.7,wr
Danny Amendola,HOU,14.0,30.8,1.0,2.0,0.0,2.0,0.0,69.0,46.0,602.0,13.1,0.0,60.4,4.3,wr
Braxton Berrios,MIA,16.0,17.9,3.0,29.0,0.0,9.7,0.0,55.0,37.0,394.0,10.6,3.0,60.3,3.8,wr
KJ Hamler,BUF,13.0,39.0,9.0,40.0,0.0,4.4,0.0,56.0,30.0,381.0,12.7,3.0,60.1,4.6,wr
Anthony Miller,KC,16.0,36.5,2.0,12.0,0.0,6.0,0.0,76.0,49.0,485.0,9.9,2.0,59.7,3.7,wr
Tyron Billy-Johnson,DAL,12.0,20.8,3.0,17.0,0.0,5.7,0.0,26.0,20.0,398.0,19.9,3.0,59.5,5.0,wr
Michael Pittman,IND,13.0,53.8,3.0,26.0,0.0,8.7,0.0,61.0,40.0,503.0,12.6,1.0,58.9,4.5,wr
Henry Ruggs,LV,13.0,44.7,9.0,49.0,0.0,5.4,0.0,43.0,26.0,452.0,17.4,2.0,58.1,4.5,wr
Chris Conley,SF,15.0,26.9,0.0,0.0,0.0,0.0,0.0,63.0,40.0,471.0,11.8,2.0,57.1,3.8,wr
Preston Williams,CAR,8.0,42.0,0.0,0.0,0.0,0.0,0.0,35.0,18.0,288.0,16.0,4.0,56.8,7.1,wr
Cam Sims,CAR,16.0,36.2,1.0,5.0,0.0,5.0,0.0,48.0,32.0,477.0,14.9,1.0,54.2,3.4,wr
Keke Coutee,MIA,8.0,36.5,0.0,0.0,0.0,0.0,0.0,40.0,33.0,400.0,12.1,3.0,54.0,6.8,wr
Golden Tate,TEN,12.0,35.3,0.0,0.0,0.0,0.0,0.0,52.0,35.0,388.0,11.1,2.0,51.5,4.3,wr
Sammy Watkins,BAL,10.0,52.7,1.0,3.0,0.0,3.0,0.0,55.0,37.0,421.0,11.4,2.0,51.4,5.1,wr
Miles Boykin,NYG,16.0,30.9,0.0,0.0,0.0,0.0,0.0,33.0,19.0,266.0,14.0,4.0,50.6,3.2,wr
Jalen Reagor,NE,11.0,46.4,4.0,26.0,0.0,6.5,0.0,54.0,31.0,396.0,12.8,1.0,50.2,4.6,wr
Deebo Samuel,SF,7.0,43.6,8.0,26.0,0.0,3.2,0.0,44.0,33.0,391.0,11.8,1.0,47.7,6.8,wr
Quintez Cephus,BUF,13.0,25.3,0.0,0.0,0.0,0.0,0.0,35.0,20.0,349.0,17.5,2.0,46.9,3.6,wr
Larry Fitzgerald,FA,13.0,51.8,0.0,0.0,0.0,0.0,0.0,72.0,54.0,409.0,7.6,1.0,46.9,3.6,wr
Kenny Golladay,NYG,5.0,45.2,0.0,0.0,0.0,0.0,0.0,32.0,20.0,338.0,16.9,2.0,45.8,9.2,wr
Jakeem Grant,CLE,14.0,26.4,3.0,20.0,0.0,6.7,0.0,54.0,36.0,373.0,10.4,1.0,45.3,3.2,wr
Donovan Peoples-Jones,DET,12.0,16.9,0.0,0.0,0.0,0.0,0.0,20.0,14.0,304.0,21.7,2.0,44.4,3.7,wr
Michael Thomas,NO,7.0,49.3,1.0,1.0,0.0,1.0,0.0,55.0,40.0,438.0,11.0,0.0,43.9,6.3,wr
Richie James,KC,11.0,22.5,0.0,0.0,0.0,0.0,0.0,35.0,23.0,394.0,17.1,1.0,41.4,3.8,wr
Collin Johnson,CHI,14.0,13.7,0.0,0.0,0.0,0.0,0.0,31.0,18.0,272.0,15.1,2.0,41.2,2.9,wr
N'Keal Harry,MIN,14.0,39.2,2.0,0.0,0.0,0.0,0.0,57.0,33.0,309.0,9.4,2.0,40.9,2.9,wr
DaeSean Hamilton,MIA,16.0,30.2,0.0,0.0,0.0,0.0,0.0,44.0,23.0,293.0,12.7,2.0,39.3,2.5,wr
Denzel Mims,PIT,9.0,48.8,0.0,0.0,0.0,0.0,0.0,44.0,23.0,357.0,15.5,0.0,37.7,4.2,wr
Julian Edelman,0,6.0,44.2,2.0,22.0,0.0,11.0,0.0,39.0,21.0,315.0,15.0,0.0,35.2,5.9,wr
Adam Humphries,HOU,7.0,32.4,1.0,0.0,0.0,0.0,0.0,35.0,23.0,228.0,9.9,2.0,34.8,5.0,wr
Cedrick Wilson,NO,16.0,10.1,3.0,-12.0,0.0,-4.0,0.0,28.0,17.0,189.0,11.1,2.0,34.6,2.2,wr
Andy Isabella,BUF,13.0,22.2,1.0,-6.0,0.0,-6.0,0.0,35.0,21.0,224.0,10.7,2.0,33.8,2.6,wr
Olamide Zaccheaus,WAS,11.0,26.2,1.0,0.0,0.0,0.0,0.0,32.0,20.0,274.0,13.7,1.0,33.4,3.0,wr
DeSean Jackson,BAL,5.0,35.8,1.0,12.0,0.0,12.0,0.0,26.0,14.0,236.0,16.9,1.0,30.8,6.2,wr
Steven Sims,HOU,12.0,31.6,1.0,18.0,0.0,18.0,0.0,37.0,27.0,265.0,9.8,1.0,30.3,2.5,wr
Chad Beebe,HOU,14.0,17.2,0.0,0.0,0.0,0.0,0.0,30.0,20.0,201.0,10.1,2.0,30.1,2.1,wr
Chad Hansen,ATL,5.0,56.8,0.0,0.0,0.0,0.0,0.0,24.0,17.0,236.0,13.9,1.0,29.6,5.9,wr
Tyler Johnson,LA,14.0,13.1,0.0,0.0,0.0,0.0,0.0,17.0,12.0,169.0,14.1,2.0,28.9,2.1,wr
Dontrelle Inman,WAS,10.0,29.1,0.0,0.0,0.0,0.0,0.0,28.0,18.0,163.0,9.1,2.0,28.3,2.8,wr
Freddie Swain,MIA,16.0,19.6,0.0,0.0,0.0,0.0,0.0,21.0,13.0,159.0,12.2,2.0,27.9,1.7,wr
Van Jefferson,PIT,16.0,14.9,1.0,-1.0,0.0,-1.0,0.0,31.0,19.0,220.0,11.6,1.0,27.9,1.7,wr
Deonte Harty,BAL,9.0,18.8,6.0,51.0,0.0,8.5,0.0,25.0,20.0,186.0,9.3,1.0,27.7,3.1,wr
Isaiah Ford,CHI,10.0,10.0,0.0,0.0,0.0,0.0,0.0,44.0,28.0,276.0,9.9,0.0,27.6,2.8,wr
Devin Duvernay,JAC,16.0,20.9,4.0,70.0,0.0,17.5,0.0,26.0,20.0,201.0,10.1,0.0,27.1,1.7,wr
Mohamed Sanu,MIA,7.0,27.0,1.0,3.0,0.0,3.0,0.0,23.0,16.0,178.0,11.1,1.0,26.1,3.7,wr
Lynn Bowden,NO,10.0,33.2,9.0,32.0,0.0,3.6,0.0,37.0,28.0,211.0,7.5,0.0,25.6,2.6,wr
Marcus Johnson,NYG,11.0,25.1,0.0,0.0,0.0,0.0,0.0,28.0,14.0,255.0,18.2,0.0,25.5,2.3,wr
Bryan Edwards,NO,12.0,17.8,0.0,0.0,0.0,0.0,0.0,15.0,11.0,193.0,17.5,1.0,25.3,2.1,wr
Zay Jones,ARI,16.0,15.5,0.0,0.0,0.0,0.0,0.0,20.0,14.0,154.0,11.0,1.0,22.6,1.4,wr
Byron Pringle,WAS,13.0,12.3,0.0,0.0,0.0,0.0,0.0,17.0,13.0,160.0,12.3,1.0,22.0,1.7,wr
Mack Hollins,BUF,16.0,16.4,0.0,0.0,0.0,0.0,0.0,25.0,16.0,176.0,11.0,1.0,21.6,1.4,wr
Marquez Callaway,PIT,11.0,16.1,0.0,0.0,0.0,0.0,0.0,27.0,21.0,213.0,10.1,0.0,21.3,1.9,wr
Kenny Stills,NO,10.0,13.1,0.0,0.0,0.0,0.0,0.0,19.0,11.0,144.0,13.1,1.0,20.4,2.0,wr
Isaiah Wright,WAS,14.0,23.4,3.0,16.0,0.0,5.3,0.0,35.0,27.0,197.0,7.3,0.0,19.3,1.4,wr
John Hightower,LAC,13.0,25.8,1.0,1.0,0.0,1.0,0.0,29.0,10.0,167.0,16.7,0.0,18.8,1.4,wr
Equanimeous St. Brown,NO,12.0,12.2,1.0,7.0,0.0,7.0,0.0,13.0,7.0,117.0,16.7,1.0,18.4,1.5,wr
Kalif Raymond,DET,15.0,10.5,1.0,-3.0,0.0,-3.0,0.0,15.0,9.0,187.0,20.8,0.0,18.4,1.2,wr
Cameron Batson,ATL,12.0,18.0,4.0,20.0,0.0,5.0,0.0,13.0,12.0,100.0,8.3,1.0,18.0,1.5,wr
KhaDarel Hodge,ATL,9.0,27.7,0.0,0.0,0.0,0.0,0.0,17.0,11.0,180.0,16.4,0.0,18.0,2.0,wr
Alshon Jeffery,FA,7.0,28.9,0.0,0.0,0.0,0.0,0.0,13.0,6.0,115.0,19.2,1.0,17.5,2.5,wr
KeeSean Johnson,BUF,8.0,24.2,0.0,0.0,0.0,0.0,0.0,23.0,15.0,173.0,11.5,0.0,17.3,2.2,wr
Mike Thomas,BAL,14.0,14.2,1.0,1.0,0.0,1.0,0.0,21.0,13.0,132.0,10.2,1.0,17.3,1.2,wr
Jeff Smith,ARI,12.0,25.3,0.0,0.0,0.0,0.0,0.0,37.0,17.0,167.0,9.8,0.0,16.7,1.4,wr
Quez Watkins,PIT,6.0,16.5,0.0,0.0,0.0,0.0,0.0,13.0,7.0,106.0,15.1,1.0,16.6,2.8,wr
Noah Brown,HOU,16.0,8.8,1.0,4.0,0.0,4.0,0.0,24.0,14.0,154.0,11.0,0.0,15.8,1.0,wr
Auden Tate,ARI,9.0,17.2,0.0,0.0,0.0,0.0,0.0,22.0,14.0,150.0,10.7,0.0,15.0,1.7,wr
Christian Blake,PIT,16.0,11.6,0.0,0.0,0.0,0.0,0.0,18.0,13.0,141.0,10.8,0.0,14.1,0.9,wr
Ty Montgomery,NE,6.0,4.3,19.0,101.0,0.0,5.3,0.0,6.0,3.0,27.0,9.0,0.0,12.8,2.1,wr
DeMichael Harris,IND,7.0,9.7,6.0,46.0,0.0,7.7,0.0,10.0,10.0,79.0,7.9,0.0,12.5,1.8,wr
Ray-Ray McCloud,ATL,16.0,9.6,4.0,65.0,0.0,16.2,0.0,22.0,20.0,77.0,3.9,0.0,12.2,0.8,wr
Chris Hogan,NO,5.0,54.8,0.0,0.0,0.0,0.0,0.0,26.0,14.0,118.0,8.4,0.0,11.8,2.4,wr
Alex Erickson,LAC,16.0,11.1,5.0,7.0,0.0,1.4,0.0,17.0,12.0,139.0,11.6,0.0,10.6,0.7,wr
C.J. Board,TEN,14.0,11.5,1.0,3.0,0.0,3.0,0.0,16.0,11.0,101.0,9.2,0.0,10.4,0.7,wr
Jamal Agnew,JAC,14.0,11.8,6.0,33.0,0.0,5.5,0.0,20.0,13.0,89.0,6.8,0.0,10.2,0.7,wr
Cooper Kupp,LA,17.0,56.5,4.0,18.0,0.0,4.5,0.0,191.0,145.0,1947.0,13.4,16.0,294.5,17.3,wr
Deebo Samuel,SF,16.0,45.2,59.0,365.0,0.0,6.2,8.0,121.0,77.0,1405.0,18.2,6.0,262.0,16.4,wr
Ja'Marr Chase,CIN,17.0,55.0,7.0,21.0,0.0,3.0,0.0,128.0,81.0,1455.0,18.0,13.0,223.6,13.2,wr
Justin Jefferson,MIN,17.0,53.2,6.0,14.0,0.0,2.3,0.0,167.0,108.0,1616.0,15.0,10.0,222.4,13.1,wr
Davante Adams,LV,16.0,50.8,0.0,0.0,0.0,0.0,0.0,169.0,123.0,1553.0,12.6,11.0,221.3,13.8,wr
Mike Evans,TB,16.0,54.5,1.0,10.0,0.0,10.0,0.0,114.0,74.0,1035.0,14.0,14.0,188.5,11.8,wr
Tyreek Hill,MIA,17.0,46.9,9.0,96.0,0.0,10.7,0.0,159.0,111.0,1239.0,11.2,9.0,185.5,10.9,wr
Stefon Diggs,HOU,17.0,51.0,0.0,0.0,0.0,0.0,0.0,164.0,103.0,1225.0,11.9,10.0,182.5,10.7,wr
Mike Williams,NYJ,16.0,48.1,0.0,0.0,0.0,0.0,0.0,129.0,76.0,1146.0,15.1,9.0,170.6,10.7,wr
DK Metcalf,SEA,17.0,42.6,1.0,6.0,0.0,6.0,0.0,129.0,75.0,967.0,12.9,12.0,169.3,10.0,wr
Tyler Lockett,SEA,16.0,44.8,2.0,9.0,0.0,4.5,0.0,107.0,73.0,1175.0,16.1,8.0,168.4,10.5,wr
Diontae Johnson,CAR,16.0,53.8,5.0,53.0,0.0,10.6,0.0,169.0,107.0,1161.0,10.9,8.0,167.4,10.5,wr
Hunter Renfrow,LV,17.0,41.6,3.0,3.0,0.0,1.0,0.0,128.0,103.0,1038.0,10.1,9.0,156.1,9.2,wr
CeeDee Lamb,DAL,16.0,49.6,9.0,76.0,0.0,8.4,0.0,120.0,79.0,1102.0,13.9,6.0,153.8,9.6,wr
Keenan Allen,CHI,16.0,51.8,0.0,0.0,0.0,0.0,0.0,157.0,106.0,1138.0,10.7,6.0,151.8,9.5,wr
Michael Pittman,IND,17.0,51.6,5.0,44.0,0.0,8.8,0.0,129.0,88.0,1082.0,12.3,6.0,150.6,8.9,wr
Tee Higgins,CIN,14.0,50.8,0.0,0.0,0.0,0.0,0.0,110.0,74.0,1091.0,14.7,6.0,145.1,10.4,wr
DJ Moore,CHI,17.0,52.3,8.0,48.0,0.0,6.0,0.0,163.0,93.0,1157.0,12.4,4.0,144.5,8.5,wr
Chris Godwin,TB,14.0,59.5,4.0,21.0,0.0,5.2,1.0,127.0,98.0,1103.0,11.3,5.0,144.4,10.3,wr
Brandin Cooks,DAL,16.0,47.8,2.0,21.0,0.0,10.5,0.0,134.0,90.0,1037.0,11.5,6.0,141.8,8.9,wr
Jaylen Waddle,MIA,16.0,49.2,2.0,3.0,0.0,1.5,1.0,140.0,104.0,1015.0,9.8,6.0,141.8,8.9,wr
Darnell Mooney,ATL,17.0,50.5,6.0,32.0,0.0,5.3,1.0,140.0,81.0,1055.0,13.0,4.0,138.7,8.2,wr
Amon-Ra St. Brown,DET,17.0,39.8,7.0,61.0,0.0,8.7,1.0,119.0,90.0,912.0,10.1,5.0,137.3,8.1,wr
Terry McLaurin,WAS,17.0,53.0,1.0,12.0,0.0,12.0,0.0,130.0,77.0,1053.0,13.7,5.0,136.5,8.0,wr
Hollywood Brown,KC,16.0,54.1,1.0,5.0,0.0,5.0,0.0,145.0,91.0,1008.0,11.1,6.0,135.3,8.5,wr
Amari Cooper,CLE,15.0,51.4,0.0,0.0,0.0,0.0,0.0,104.0,68.0,865.0,12.7,8.0,134.5,9.0,wr
Adam Thielen,CAR,13.0,53.2,1.0,2.0,0.0,2.0,0.0,95.0,67.0,726.0,10.8,10.0,132.8,10.2,wr
Christian Kirk,JAC,17.0,48.9,1.0,11.0,0.0,11.0,0.0,103.0,77.0,982.0,12.8,5.0,130.6,7.7,wr
Kendrick Bourne,NE,17.0,31.5,12.0,125.0,0.0,10.4,0.0,70.0,55.0,800.0,14.5,5.0,125.5,7.4,wr
DeVonta Smith,PHI,17.0,48.8,0.0,0.0,0.0,0.0,0.0,104.0,64.0,916.0,14.3,5.0,121.6,7.2,wr
Van Jefferson,PIT,17.0,48.8,2.0,20.0,0.0,10.0,0.0,89.0,50.0,802.0,16.0,6.0,118.2,7.0,wr
A.J. Brown,PHI,13.0,38.9,2.0,10.0,0.0,5.0,0.0,105.0,63.0,869.0,13.8,5.0,117.9,9.1,wr
Tyler Boyd,TEN,16.0,50.5,2.0,22.0,0.0,11.0,0.0,94.0,67.0,828.0,12.4,5.0,116.8,7.3,wr
Brandon Aiyuk,SF,17.0,44.2,5.0,17.0,0.0,3.4,0.0,84.0,56.0,826.0,14.8,5.0,114.3,6.7,wr
K.J. Osborn,NE,17.0,41.1,1.0,10.0,0.0,10.0,0.0,82.0,50.0,655.0,13.1,7.0,108.5,6.4,wr
Chase Claypool,BUF,15.0,0.0,14.0,96.0,0.0,6.9,0.0,105.0,59.0,860.0,14.6,2.0,107.6,7.2,wr
Marvin Jones,DET,17.0,50.8,0.0,0.0,0.0,0.0,0.0,120.0,73.0,832.0,11.4,4.0,107.2,6.3,wr
Marquez Callaway,PIT,17.0,43.3,0.0,0.0,0.0,0.0,0.0,84.0,46.0,698.0,15.2,6.0,105.8,6.2,wr
DeAndre Hopkins,TEN,10.0,52.2,0.0,0.0,0.0,0.0,0.0,64.0,42.0,572.0,13.6,8.0,105.2,10.5,wr
Tim Patrick,DEN,16.0,50.4,0.0,0.0,0.0,0.0,0.0,85.0,53.0,734.0,13.8,5.0,103.4,6.5,wr
Jakobi Meyers,LV,17.0,50.1,1.0,9.0,0.0,9.0,0.0,126.0,83.0,866.0,10.4,2.0,103.3,6.1,wr
A.J. Green,ARI,16.0,55.4,0.0,0.0,0.0,0.0,0.0,92.0,54.0,848.0,15.7,3.0,102.8,6.4,wr
Cedrick Wilson,NO,16.0,27.6,2.0,11.0,0.0,5.5,0.0,61.0,45.0,602.0,13.4,6.0,102.8,6.4,wr
Allen Lazard,NYJ,15.0,43.5,3.0,32.0,0.0,10.7,0.0,60.0,40.0,513.0,12.8,8.0,102.5,6.8,wr
Russell Gage,TB,14.0,37.9,0.0,0.0,0.0,0.0,0.0,94.0,66.0,770.0,11.7,4.0,97.0,6.9,wr
Elijah Moore,CLE,11.0,38.9,5.0,54.0,0.0,10.8,1.0,77.0,43.0,538.0,12.5,5.0,95.2,8.7,wr
Courtland Sutton,DEN,17.0,51.7,0.0,0.0,0.0,0.0,0.0,98.0,58.0,776.0,13.4,2.0,92.2,5.4,wr
Robert Woods,HOU,9.0,60.3,8.0,46.0,0.0,5.8,1.0,69.0,45.0,556.0,12.4,4.0,92.2,10.2,wr
Gabe Davis,JAC,16.0,28.4,0.0,0.0,0.0,0.0,0.0,63.0,35.0,549.0,15.7,6.0,90.9,5.7,wr
Emmanuel Sanders,BUF,14.0,50.2,2.0,31.0,0.0,15.5,0.0,72.0,42.0,626.0,14.9,4.0,89.7,6.4,wr
Robbie Chosen,MIA,17.0,0.0,3.0,36.0,0.0,12.0,0.0,110.0,53.0,519.0,9.8,5.0,85.5,5.0,wr
Byron Pringle,WAS,17.0,27.1,0.0,0.0,0.0,0.0,0.0,60.0,42.0,568.0,13.5,5.0,84.8,5.0,wr
Kalif Raymond,DET,16.0,41.6,4.0,28.0,0.0,7.0,0.0,71.0,48.0,576.0,12.0,4.0,84.4,5.3,wr
Mecole Hardman,KC,17.0,32.1,8.0,46.0,0.0,5.8,0.0,83.0,59.0,693.0,11.7,2.0,81.9,4.8,wr
Jarvis Landry,NO,12.0,36.4,6.0,40.0,0.0,6.7,2.0,87.0,52.0,570.0,11.0,2.0,81.0,6.8,wr
Antonio Brown,TB,7.0,38.3,1.0,6.0,0.0,6.0,0.0,62.0,42.0,545.0,13.0,4.0,79.1,11.3,wr
Cole Beasley,NYG,16.0,38.6,0.0,0.0,0.0,0.0,0.0,112.0,82.0,693.0,8.5,1.0,77.3,4.8,wr
Deonte Harty,BAL,13.0,19.2,5.0,41.0,0.0,8.2,0.0,59.0,36.0,570.0,15.8,3.0,77.1,5.9,wr
Donovan Peoples-Jones,DET,14.0,42.9,0.0,0.0,0.0,0.0,0.0,58.0,34.0,597.0,17.6,3.0,75.7,5.4,wr
Bryan Edwards,NO,16.0,47.2,1.0,0.0,0.0,0.0,0.0,59.0,34.0,571.0,16.8,3.0,75.1,4.7,wr
Quez Watkins,PIT,17.0,39.8,1.0,3.0,0.0,3.0,0.0,62.0,43.0,647.0,15.0,1.0,73.0,4.3,wr
Corey Davis,NYJ,9.0,43.8,0.0,0.0,0.0,0.0,0.0,59.0,34.0,492.0,14.5,4.0,71.2,7.9,wr
Nick Westbrook-Ikhine,TEN,16.0,33.0,0.0,0.0,0.0,0.0,0.0,57.0,38.0,476.0,12.5,4.0,69.6,4.3,wr
Braxton Berrios,MIA,16.0,23.4,7.0,40.0,0.0,5.7,2.0,65.0,46.0,431.0,9.4,2.0,69.1,4.3,wr
Nelson Agholor,BAL,15.0,43.4,3.0,11.0,0.0,3.7,0.0,64.0,37.0,473.0,12.8,3.0,66.4,4.4,wr
Jalen Guyton,LV,16.0,32.6,7.0,34.0,0.0,4.9,0.0,48.0,31.0,448.0,14.5,3.0,66.2,4.1,wr
Randall Cobb,NYJ,12.0,25.2,1.0,1.0,0.0,1.0,0.0,39.0,28.0,375.0,13.4,5.0,65.6,5.5,wr
Laviska Shenault,SEA,16.0,39.2,11.0,41.0,0.0,3.7,0.0,100.0,63.0,619.0,9.8,0.0,64.0,4.0,wr
DeVante Parker,PHI,10.0,44.4,0.0,0.0,0.0,0.0,0.0,73.0,40.0,515.0,12.9,2.0,63.5,6.3,wr
Odell Beckham,MIA,8.0,40.6,2.0,14.0,0.0,7.0,0.0,48.0,27.0,305.0,11.3,5.0,61.9,7.7,wr
Freddie Swain,MIA,17.0,30.4,5.0,32.0,0.0,6.4,0.0,40.0,25.0,343.0,13.7,4.0,61.5,3.6,wr
Marquez Valdes-Scantling,KC,11.0,35.6,0.0,0.0,0.0,0.0,0.0,55.0,26.0,430.0,16.5,3.0,61.0,5.5,wr
Henry Ruggs,LV,7.0,47.7,3.0,16.0,0.0,5.3,0.0,36.0,24.0,469.0,19.5,2.0,60.5,8.6,wr
Joshua Palmer,LAC,17.0,21.3,1.0,6.0,0.0,6.0,0.0,49.0,33.0,353.0,10.7,4.0,59.9,3.5,wr
Zay Jones,ARI,17.0,31.9,2.0,3.0,0.0,1.5,0.0,70.0,47.0,546.0,11.6,1.0,58.9,3.5,wr
Olamide Zaccheaus,WAS,17.0,30.8,1.0,2.0,0.0,2.0,0.0,53.0,31.0,406.0,13.1,3.0,58.8,3.5,wr
Jamison Crowder,WAS,12.0,40.8,0.0,0.0,0.0,0.0,0.0,71.0,51.0,447.0,8.8,2.0,58.7,4.9,wr
Jauan Jennings,SF,16.0,15.4,0.0,0.0,0.0,0.0,0.0,38.0,24.0,282.0,11.8,5.0,58.2,3.6,wr
Rashod Bateman,BAL,12.0,40.4,0.0,0.0,0.0,0.0,0.0,67.0,46.0,515.0,11.2,1.0,57.5,4.8,wr
Zach Pascal,ARI,16.0,48.1,2.0,21.0,0.0,10.5,0.0,69.0,38.0,384.0,10.1,3.0,56.5,3.5,wr
DeAndre Carter,LV,17.0,25.6,10.0,89.0,0.0,8.9,0.0,44.0,24.0,296.0,12.3,3.0,56.5,3.3,wr
Michael Gallup,LV,9.0,43.0,0.0,0.0,0.0,0.0,0.0,62.0,35.0,445.0,12.7,2.0,56.5,6.3,wr
Tre'Quan Smith,DET,11.0,35.6,0.0,0.0,0.0,0.0,0.0,50.0,32.0,377.0,11.8,3.0,55.7,5.1,wr
Rondale Moore,ATL,14.0,30.9,18.0,76.0,0.0,4.2,0.0,64.0,54.0,435.0,8.1,1.0,55.1,3.9,wr
Kenny Golladay,NYG,14.0,44.4,0.0,0.0,0.0,0.0,0.0,76.0,37.0,521.0,14.1,0.0,52.1,3.7,wr
T.Y. Hilton,DAL,10.0,27.0,0.0,0.0,0.0,0.0,0.0,37.0,23.0,331.0,14.4,3.0,51.1,5.1,wr
Keelan Cole,LV,15.0,33.3,0.0,0.0,0.0,0.0,0.0,51.0,28.0,449.0,16.0,1.0,50.9,3.4,wr
Nico Collins,HOU,14.0,33.6,0.0,0.0,0.0,0.0,0.0,61.0,33.0,446.0,13.5,1.0,50.6,3.6,wr
Julio Jones,PHI,10.0,34.7,0.0,0.0,0.0,0.0,0.0,48.0,31.0,434.0,14.0,1.0,49.4,4.9,wr
Laquon Treadwell,BAL,12.0,30.3,0.0,0.0,0.0,0.0,0.0,51.0,33.0,434.0,13.2,1.0,49.4,4.1,wr
Allen Robinson,NYG,12.0,47.0,0.0,0.0,0.0,0.0,0.0,66.0,38.0,410.0,10.8,1.0,49.0,4.1,wr
Jerry Jeudy,CLE,10.0,37.6,2.0,3.0,0.0,1.5,0.0,56.0,38.0,467.0,12.3,0.0,47.0,4.7,wr
Mack Hollins,BUF,17.0,15.4,0.0,0.0,0.0,0.0,0.0,28.0,14.0,223.0,15.9,4.0,46.3,2.7,wr
Jamal Agnew,JAC,10.0,23.0,7.0,111.0,0.0,15.9,1.0,39.0,24.0,229.0,9.5,1.0,46.0,4.6,wr
Jalen Reagor,NE,17.0,36.8,10.0,32.0,0.0,3.2,0.0,57.0,33.0,299.0,9.1,2.0,45.1,2.7,wr
Danny Amendola,HOU,8.0,18.5,0.0,0.0,0.0,0.0,0.0,37.0,24.0,248.0,10.3,3.0,44.8,5.6,wr
Demarcus Robinson,LA,17.0,32.5,0.0,0.0,0.0,0.0,0.0,41.0,25.0,264.0,10.6,3.0,44.4,2.6,wr
Devin Duvernay,JAC,16.0,31.5,7.0,50.0,0.0,7.1,0.0,47.0,33.0,272.0,8.2,2.0,44.2,2.8,wr
Sammy Watkins,BAL,13.0,27.7,0.0,0.0,0.0,0.0,0.0,49.0,27.0,394.0,14.6,1.0,43.4,3.3,wr
Kadarius Toney,KC,10.0,0.0,3.0,6.0,0.0,2.0,0.0,57.0,39.0,420.0,10.8,0.0,43.4,4.3,wr
Chris Conley,SF,16.0,32.4,1.0,3.0,0.0,3.0,0.0,37.0,22.0,323.0,14.7,2.0,42.6,2.7,wr
Josh Reynolds,DEN,7.0,34.4,0.0,0.0,0.0,0.0,0.0,36.0,19.0,306.0,16.1,2.0,42.6,6.1,wr
Darius Slayton,NYG,13.0,36.8,1.0,-13.0,0.0,-13.0,0.0,58.0,26.0,339.0,13.0,2.0,42.6,3.3,wr
James Washington,IND,15.0,28.9,2.0,13.0,0.0,6.5,0.0,44.0,24.0,285.0,11.9,2.0,41.8,2.8,wr
Sterling Shepard,NYG,7.0,49.4,1.0,-9.0,0.0,-9.0,0.0,53.0,36.0,366.0,10.2,1.0,41.7,6.0,wr
Calvin Ridley,TEN,5.0,0.0,0.0,0.0,0.0,0.0,0.0,52.0,31.0,281.0,9.1,2.0,40.1,8.0,wr
Damiere Byrd,HOU,17.0,22.5,0.0,0.0,0.0,0.0,0.0,38.0,26.0,329.0,12.7,1.0,38.9,2.3,wr
Antoine Wesley,LV,15.0,26.9,0.0,0.0,0.0,0.0,0.0,32.0,19.0,208.0,10.9,3.0,38.8,2.6,wr
Adam Humphries,HOU,17.0,34.8,0.0,0.0,0.0,0.0,0.0,62.0,41.0,383.0,9.3,0.0,38.3,2.3,wr
Marquise Goodwin,CLE,14.0,23.2,2.0,-1.0,0.0,-0.5,0.0,40.0,20.0,313.0,15.7,1.0,37.2,2.7,wr
Lil'Jordan Humphrey,DEN,10.0,14.6,0.0,0.0,0.0,0.0,0.0,18.0,13.0,249.0,19.2,2.0,36.9,3.7,wr
Tyler Johnson,LA,17.0,30.1,0.0,0.0,0.0,0.0,0.0,55.0,36.0,360.0,10.0,0.0,36.0,2.1,wr
Chester Rogers,CLE,16.0,24.9,1.0,9.0,0.0,9.0,0.0,43.0,30.0,301.0,10.0,1.0,35.0,2.2,wr
Chris Moore,ARI,12.0,14.8,0.0,0.0,0.0,0.0,0.0,22.0,21.0,227.0,10.8,2.0,34.7,2.9,wr
Cyril Grayson,CLE,5.0,21.6,1.0,14.0,0.0,14.0,0.0,12.0,10.0,212.0,21.2,2.0,34.6,6.9,wr
Quintez Cephus,BUF,5.0,42.4,0.0,0.0,0.0,0.0,0.0,22.0,15.0,204.0,13.6,2.0,34.4,6.9,wr
Cam Sims,CAR,14.0,15.1,1.0,7.0,0.0,7.0,0.0,23.0,15.0,211.0,14.1,2.0,33.8,2.4,wr
Rashard Higgins,CAR,15.0,28.3,0.0,0.0,0.0,0.0,0.0,47.0,24.0,275.0,11.5,1.0,33.5,2.2,wr
Malik Turner,IND,14.0,8.9,0.0,0.0,0.0,0.0,0.0,16.0,12.0,149.0,12.4,3.0,32.9,2.4,wr
Isaiah McKenzie,NYG,15.0,13.7,9.0,47.0,0.0,5.2,1.0,26.0,20.0,178.0,8.9,1.0,32.5,2.2,wr
Ashton Dulin,IND,17.0,16.1,3.0,32.0,0.0,10.7,0.0,22.0,13.0,173.0,13.3,2.0,32.5,1.9,wr
Brandon Zylstra,DET,13.0,16.5,0.0,0.0,0.0,0.0,0.0,25.0,18.0,250.0,13.9,1.0,31.0,2.4,wr
John Ross,KC,10.0,20.8,1.0,16.0,0.0,16.0,0.0,20.0,11.0,224.0,20.4,1.0,30.0,3.0,wr
Isaiah Ford,CHI,13.0,8.3,0.0,0.0,0.0,0.0,0.0,17.0,12.0,161.0,13.4,2.0,28.1,2.2,wr
DeSean Jackson,BAL,9.0,21.7,1.0,4.0,0.0,4.0,0.0,19.0,12.0,233.0,19.4,1.0,27.7,3.1,wr
Tavon Austin,BUF,13.0,20.9,3.0,21.0,0.0,7.0,0.0,37.0,24.0,213.0,8.9,1.0,27.4,2.1,wr
DJ Chark,LAC,4.0,41.5,0.0,0.0,0.0,0.0,0.0,22.0,7.0,154.0,22.0,2.0,27.4,6.8,wr
Ray-Ray McCloud,ATL,16.0,29.3,2.0,15.0,0.0,7.5,0.0,66.0,39.0,277.0,7.1,0.0,27.2,1.7,wr
Jakeem Grant,CLE,11.0,9.7,5.0,33.0,0.0,6.6,0.0,15.0,9.0,139.0,15.4,2.0,27.2,2.5,wr
Ihmir Smith-Marsette,CAR,8.0,5.2,0.0,0.0,0.0,0.0,0.0,6.0,5.0,116.0,23.2,2.0,23.6,3.0,wr
Kendall Hinton,DEN,16.0,14.5,0.0,0.0,0.0,0.0,0.0,23.0,15.0,175.0,11.7,1.0,23.5,1.5,wr
Anthony Schwartz,MIA,14.0,17.1,6.0,39.0,0.0,6.5,0.0,23.0,10.0,135.0,13.5,1.0,23.4,1.7,wr
Tajae Sharpe,SF,15.0,30.8,0.0,0.0,0.0,0.0,0.0,37.0,25.0,230.0,9.2,0.0,23.0,1.5,wr
Albert Wilson,LV,14.0,20.1,4.0,17.0,0.0,4.2,0.0,39.0,25.0,213.0,8.5,0.0,23.0,1.6,wr
Breshad Perriman,IND,6.0,0.0,1.0,-3.0,0.0,-3.0,0.0,18.0,11.0,167.0,15.2,1.0,22.4,3.7,wr
Parris Campbell,PHI,6.0,28.2,0.0,0.0,0.0,0.0,0.0,20.0,10.0,162.0,16.2,1.0,22.2,3.7,wr
James Proche,CLE,14.0,10.9,0.0,0.0,0.0,0.0,0.0,20.0,16.0,202.0,12.6,0.0,20.2,1.4,wr
JuJu Smith-Schuster,NE,5.0,44.4,3.0,9.0,0.0,3.0,1.0,28.0,15.0,129.0,8.6,0.0,19.8,4.0,wr
Noah Brown,HOU,12.0,17.6,0.0,0.0,0.0,0.0,0.0,25.0,16.0,184.0,11.5,0.0,18.4,1.5,wr
Dee Eskridge,SEA,10.0,16.4,4.0,59.0,0.0,14.8,0.0,20.0,10.0,64.0,6.4,1.0,18.3,1.8,wr
Mohamed Sanu,MIA,8.0,30.0,0.0,0.0,0.0,0.0,0.0,24.0,15.0,177.0,11.8,0.0,17.7,2.2,wr
KhaDarel Hodge,ATL,16.0,14.3,0.0,0.0,0.0,0.0,0.0,27.0,13.0,157.0,12.1,0.0,17.7,1.1,wr
N'Keal Harry,MIN,12.0,23.1,0.0,0.0,0.0,0.0,0.0,22.0,12.0,184.0,15.3,0.0,16.4,1.4,wr
Dyami Brown,WAS,15.0,18.1,1.0,-4.0,0.0,-4.0,0.0,25.0,12.0,165.0,13.8,0.0,16.1,1.1,wr
Terrace Marshall,CAR,13.0,29.1,0.0,0.0,0.0,0.0,0.0,30.0,17.0,138.0,8.1,0.0,15.8,1.2,wr
Marcus Johnson,NYG,7.0,26.6,2.0,-2.0,0.0,-1.0,0.0,19.0,9.0,160.0,17.8,0.0,15.8,2.3,wr
Ty Montgomery,NE,14.0,14.9,15.0,44.0,0.0,2.9,0.0,26.0,16.0,95.0,5.9,0.0,13.9,1.0,wr
Ben Skowronek,HOU,14.0,9.9,0.0,0.0,0.0,0.0,0.0,20.0,11.0,133.0,12.1,0.0,13.3,1.0,wr
Denzel Mims,PIT,11.0,20.1,0.0,0.0,0.0,0.0,0.0,23.0,8.0,133.0,16.6,0.0,13.3,1.2,wr
Equanimeous St. Brown,NO,13.0,15.4,3.0,14.0,0.0,4.7,0.0,17.0,9.0,98.0,10.9,0.0,11.2,0.9,wr
Jeff Smith,ARI,12.0,12.4,1.0,-1.0,0.0,-1.0,0.0,17.0,8.0,113.0,14.1,0.0,11.2,0.9,wr
Phillip Dorsett,DEN,3.0,37.3,1.0,0.0,0.0,0.0,0.0,12.0,6.0,107.0,17.8,0.0,10.7,3.6,wr
Collin Johnson,CHI,12.0,16.1,0.0,0.0,0.0,0.0,0.0,21.0,11.0,105.0,9.5,0.0,10.5,0.9,wr
Trinity Benson,CLE,8.0,29.2,0.0,0.0,0.0,0.0,0.0,22.0,10.0,103.0,10.3,0.0,10.3,1.3,wr
Shi Smith,KC,6.0,11.7,1.0,-3.0,0.0,-3.0,0.0,11.0,6.0,104.0,17.3,0.0,10.1,1.7,wr
Justin Jefferson,MIN,17.0,63.5,4.0,24.0,0.0,6.0,1.0,184.0,128.0,1809.0,14.1,8.0,240.7,14.2,wr
Davante Adams,LV,17.0,61.4,3.0,-1.0,0.0,-0.3,0.0,180.0,100.0,1516.0,15.2,14.0,235.5,13.9,wr
Tyreek Hill,MIA,17.0,47.1,7.0,32.0,0.0,4.6,1.0,170.0,119.0,1710.0,14.4,7.0,222.2,13.1,wr
A.J. Brown,PHI,17.0,59.1,0.0,0.0,0.0,0.0,0.0,145.0,88.0,1496.0,17.0,11.0,211.6,12.4,wr
Stefon Diggs,HOU,16.0,52.2,1.0,-3.0,0.0,-3.0,0.0,154.0,108.0,1429.0,13.2,11.0,208.6,13.0,wr
CeeDee Lamb,DAL,17.0,59.7,10.0,47.0,0.0,4.7,0.0,156.0,107.0,1359.0,12.7,9.0,194.6,11.4,wr
Jaylen Waddle,MIA,17.0,46.2,3.0,26.0,0.0,8.7,0.0,117.0,75.0,1356.0,18.1,8.0,184.2,10.8,wr
Amari Cooper,CLE,17.0,57.5,0.0,0.0,0.0,0.0,0.0,132.0,78.0,1160.0,14.9,9.0,169.0,9.9,wr
Amon-Ra St. Brown,DET,16.0,52.0,9.0,95.0,0.0,10.6,0.0,146.0,106.0,1161.0,11.0,6.0,161.6,10.1,wr
DeVonta Smith,PHI,17.0,63.7,0.0,0.0,0.0,0.0,0.0,136.0,95.0,1196.0,12.6,7.0,159.6,9.4,wr
Christian Kirk,JAC,17.0,58.3,5.0,11.0,0.0,2.2,0.0,133.0,84.0,1108.0,13.2,8.0,157.9,9.3,wr
Ja'Marr Chase,CIN,12.0,66.1,5.0,8.0,0.0,1.6,0.0,134.0,87.0,1046.0,12.0,9.0,155.4,13.0,wr
Tyler Lockett,SEA,16.0,49.9,0.0,0.0,0.0,0.0,0.0,117.0,84.0,1033.0,12.3,9.0,153.3,9.6,wr
Terry McLaurin,WAS,17.0,62.5,7.0,29.0,0.0,4.1,0.0,120.0,77.0,1191.0,15.5,5.0,152.0,8.9,wr
Brandon Aiyuk,SF,17.0,58.9,2.0,23.0,0.0,11.5,0.0,114.0,78.0,1015.0,13.0,8.0,149.8,8.8,wr
Mike Evans,TB,15.0,61.8,0.0,0.0,0.0,0.0,0.0,127.0,77.0,1124.0,14.6,6.0,148.4,9.9,wr
Tee Higgins,CIN,16.0,46.6,0.0,0.0,0.0,0.0,0.0,109.0,74.0,1029.0,13.9,7.0,146.9,9.2,wr
Jerry Jeudy,CLE,15.0,47.5,4.0,40.0,0.0,10.0,0.0,100.0,67.0,972.0,14.5,6.0,137.2,9.1,wr
DK Metcalf,SEA,17.0,52.5,0.0,0.0,0.0,0.0,0.0,141.0,90.0,1048.0,11.6,6.0,136.8,8.0,wr
DJ Moore,CHI,17.0,54.1,10.0,53.0,0.0,5.3,0.0,118.0,63.0,888.0,14.1,7.0,136.1,8.0,wr
Garrett Wilson,NYJ,17.0,52.0,4.0,4.0,0.0,1.0,0.0,147.0,83.0,1103.0,13.3,4.0,132.7,7.8,wr
Cooper Kupp,LA,9.0,58.9,9.0,52.0,0.0,5.8,1.0,98.0,75.0,812.0,10.8,6.0,126.4,14.0,wr
Chris Olave,NO,15.0,40.5,0.0,0.0,0.0,0.0,0.0,119.0,72.0,1042.0,14.5,4.0,126.2,8.4,wr
Gabe Davis,JAC,15.0,61.7,0.0,0.0,0.0,0.0,0.0,93.0,48.0,836.0,17.4,7.0,123.6,8.2,wr
Christian Watson,GB,14.0,36.2,7.0,80.0,0.0,11.4,2.0,66.0,41.0,611.0,14.9,7.0,123.1,8.8,wr
Chris Godwin,TB,15.0,58.7,3.0,5.0,0.0,1.7,0.0,142.0,104.0,1023.0,9.8,3.0,118.8,7.9,wr
Michael Pittman,IND,16.0,66.6,3.0,30.0,0.0,10.0,0.0,141.0,99.0,925.0,9.3,4.0,117.5,7.3,wr
Zay Jones,ARI,16.0,58.1,4.0,18.0,0.0,4.5,0.0,121.0,82.0,823.0,10.0,5.0,116.1,7.3,wr
Allen Lazard,NYJ,15.0,57.5,2.0,0.0,0.0,0.0,0.0,100.0,60.0,788.0,13.1,6.0,114.8,7.7,wr
George Pickens,PIT,17.0,51.9,3.0,24.0,0.0,8.0,1.0,84.0,52.0,801.0,15.4,4.0,114.5,6.7,wr
Mike Williams,NYJ,13.0,54.2,0.0,0.0,0.0,0.0,0.0,93.0,63.0,895.0,14.2,4.0,113.5,8.7,wr
Jakobi Meyers,LV,14.0,49.3,2.0,-11.0,0.0,-5.5,0.0,96.0,67.0,804.0,12.0,6.0,113.3,8.1,wr
Deebo Samuel,SF,13.0,50.7,42.0,232.0,0.0,5.5,3.0,94.0,56.0,632.0,11.3,2.0,112.4,8.6,wr
Curtis Samuel,BUF,17.0,50.0,38.0,187.0,0.0,4.9,1.0,92.0,64.0,656.0,10.3,4.0,112.3,6.6,wr
Adam Thielen,CAR,17.0,61.3,1.0,4.0,0.0,4.0,0.0,107.0,70.0,716.0,10.2,6.0,110.0,6.5,wr
Tyler Boyd,TEN,16.0,49.8,0.0,0.0,0.0,0.0,0.0,82.0,58.0,762.0,13.1,5.0,109.1,6.8,wr
JuJu Smith-Schuster,NE,16.0,47.8,0.0,0.0,0.0,0.0,0.0,101.0,78.0,933.0,12.0,3.0,107.3,6.7,wr
Drake London,ATL,17.0,48.2,0.0,0.0,0.0,0.0,0.0,117.0,72.0,866.0,12.0,4.0,106.6,6.3,wr
Donovan Peoples-Jones,DET,17.0,62.1,1.0,2.0,0.0,2.0,0.0,96.0,61.0,839.0,13.8,3.0,100.1,5.9,wr
Keenan Allen,CHI,10.0,51.5,1.0,8.0,0.0,8.0,0.0,89.0,66.0,752.0,11.4,4.0,98.0,9.8,wr
Joshua Palmer,LAC,16.0,56.1,1.0,4.0,0.0,4.0,0.0,107.0,72.0,769.0,10.7,3.0,97.3,6.1,wr
Mack Hollins,BUF,17.0,60.6,4.0,40.0,0.0,10.0,0.0,94.0,57.0,690.0,12.1,4.0,97.2,5.7,wr
K.J. Osborn,NE,17.0,51.4,3.0,6.0,0.0,2.0,0.0,90.0,60.0,650.0,10.8,5.0,95.6,5.6,wr
Jahan Dotson,WAS,12.0,54.2,2.0,-7.0,0.0,-3.5,0.0,61.0,35.0,523.0,14.9,7.0,95.6,8.0,wr
Courtland Sutton,DEN,15.0,58.8,1.0,5.0,0.0,5.0,0.0,109.0,64.0,829.0,13.0,2.0,95.4,6.4,wr
Diontae Johnson,CAR,17.0,61.3,7.0,25.0,0.0,3.6,0.0,147.0,86.0,882.0,10.3,0.0,94.7,5.6,wr
Hollywood Brown,KC,12.0,65.2,1.0,1.0,0.0,1.0,0.0,107.0,67.0,709.0,10.6,3.0,89.0,7.4,wr
Brandin Cooks,DAL,13.0,50.5,2.0,7.0,0.0,3.5,0.0,93.0,57.0,699.0,12.3,3.0,88.6,6.8,wr
DeAndre Hopkins,TEN,9.0,61.7,0.0,0.0,0.0,0.0,0.0,96.0,64.0,717.0,11.2,3.0,87.7,9.7,wr
Parris Campbell,PHI,17.0,57.6,5.0,58.0,0.0,11.6,0.0,91.0,63.0,623.0,9.9,3.0,86.1,5.1,wr
Darius Slayton,NYG,16.0,42.3,0.0,0.0,0.0,0.0,0.0,71.0,46.0,724.0,15.7,2.0,82.4,5.2,wr
Marquez Valdes-Scantling,KC,17.0,45.7,1.0,-3.0,0.0,-3.0,0.0,81.0,42.0,687.0,16.4,2.0,80.4,4.7,wr
Isaiah McKenzie,NYG,15.0,37.0,9.0,55.0,0.0,6.1,1.0,65.0,42.0,423.0,10.1,4.0,77.8,5.2,wr
Richie James,KC,17.0,30.9,2.0,6.0,0.0,3.0,0.0,70.0,57.0,569.0,10.0,4.0,75.5,4.4,wr
Devin Duvernay,JAC,14.0,45.1,12.0,84.0,0.0,7.0,1.0,49.0,37.0,407.0,11.0,3.0,73.1,5.2,wr
Russell Gage,TB,13.0,40.7,0.0,0.0,0.0,0.0,0.0,70.0,51.0,426.0,8.4,5.0,72.6,5.6,wr
Rashid Shaheed,NO,12.0,24.8,4.0,57.0,0.0,14.2,1.0,34.0,28.0,488.0,17.4,2.0,72.5,6.0,wr
DeVante Parker,PHI,13.0,42.2,0.0,0.0,0.0,0.0,0.0,47.0,31.0,539.0,17.4,3.0,71.9,5.5,wr
Noah Brown,HOU,16.0,51.4,0.0,0.0,0.0,0.0,0.0,74.0,43.0,555.0,12.9,3.0,71.5,4.5,wr
Alec Pierce,IND,16.0,45.3,0.0,0.0,0.0,0.0,0.0,78.0,41.0,593.0,14.5,2.0,71.3,4.5,wr
Marvin Jones,DET,16.0,43.8,0.0,0.0,0.0,0.0,0.0,81.0,46.0,529.0,11.5,3.0,70.9,4.4,wr
Olamide Zaccheaus,WAS,17.0,43.4,2.0,7.0,0.0,3.5,0.0,61.0,40.0,533.0,13.3,3.0,70.0,4.1,wr
Mecole Hardman,KC,8.0,37.9,4.0,31.0,0.0,7.8,2.0,34.0,25.0,297.0,11.9,4.0,68.8,8.6,wr
DJ Chark,LAC,11.0,48.5,0.0,0.0,0.0,0.0,0.0,52.0,30.0,502.0,16.7,3.0,68.2,6.2,wr
Chris Moore,ARI,16.0,40.2,3.0,3.0,0.0,1.0,0.0,74.0,48.0,548.0,11.4,2.0,67.1,4.2,wr
Michael Gallup,LV,14.0,52.7,0.0,0.0,0.0,0.0,0.0,74.0,39.0,424.0,10.9,4.0,66.4,4.7,wr
DeAndre Carter,LV,17.0,41.1,2.0,-15.0,0.0,-7.5,0.0,65.0,46.0,538.0,11.7,3.0,66.3,3.9,wr
Josh Reynolds,DEN,14.0,41.2,0.0,0.0,0.0,0.0,0.0,59.0,38.0,479.0,12.6,3.0,65.9,4.7,wr
Corey Davis,NYJ,13.0,47.5,0.0,0.0,0.0,0.0,0.0,64.0,32.0,536.0,16.8,2.0,65.6,5.0,wr
Marquise Goodwin,CLE,13.0,32.3,2.0,5.0,0.0,2.5,0.0,42.0,27.0,387.0,14.3,4.0,63.2,4.9,wr
Kalif Raymond,DET,17.0,33.8,7.0,36.0,0.0,5.1,0.0,64.0,47.0,616.0,13.1,0.0,63.2,3.7,wr
Robert Woods,HOU,17.0,47.6,0.0,0.0,0.0,0.0,0.0,91.0,53.0,527.0,9.9,2.0,62.7,3.7,wr
Darnell Mooney,ATL,12.0,51.0,1.0,2.0,0.0,2.0,0.0,61.0,40.0,493.0,12.3,2.0,61.5,5.1,wr
Greg Dortch,ARI,16.0,32.1,7.0,44.0,0.0,6.3,0.0,64.0,52.0,467.0,9.0,2.0,61.1,3.8,wr
Chase Claypool,BUF,15.0,0.0,9.0,59.0,0.0,6.6,0.0,79.0,46.0,451.0,9.8,1.0,61.0,4.1,wr
Nico Collins,HOU,10.0,44.2,0.0,0.0,0.0,0.0,0.0,66.0,37.0,481.0,13.0,2.0,60.1,6.0,wr
Romeo Doubs,GB,13.0,40.7,1.0,11.0,0.0,11.0,0.0,67.0,42.0,425.0,10.1,3.0,59.6,4.6,wr
Isaiah Hodgins,NYG,8.0,52.1,0.0,0.0,0.0,0.0,0.0,42.0,33.0,351.0,10.6,4.0,59.1,7.4,wr
Nick Westbrook-Ikhine,TEN,17.0,41.1,0.0,0.0,0.0,0.0,0.0,50.0,25.0,397.0,15.9,3.0,57.7,3.4,wr
Demarcus Robinson,LA,17.0,36.6,0.0,0.0,0.0,0.0,0.0,75.0,48.0,458.0,9.5,2.0,55.8,3.3,wr
Treylon Burks,TEN,11.0,35.7,4.0,47.0,0.0,11.8,0.0,54.0,33.0,444.0,13.5,1.0,55.1,5.0,wr
Terrace Marshall,CAR,14.0,40.0,0.0,0.0,0.0,0.0,0.0,47.0,28.0,490.0,17.5,1.0,55.0,3.9,wr
Van Jefferson,PIT,11.0,42.5,0.0,0.0,0.0,0.0,0.0,44.0,24.0,369.0,15.4,3.0,54.9,5.0,wr
Trent Sherfield,MIN,17.0,35.9,0.0,0.0,0.0,0.0,0.0,51.0,30.0,417.0,13.9,2.0,53.7,3.2,wr
Kendrick Bourne,NE,16.0,24.9,6.0,39.0,0.0,6.5,0.0,48.0,35.0,434.0,12.4,1.0,53.3,3.3,wr
Allen Robinson,NYG,10.0,56.2,0.0,0.0,0.0,0.0,0.0,52.0,33.0,339.0,10.3,3.0,51.9,5.2,wr
Quez Watkins,PIT,17.0,40.1,3.0,1.0,0.0,0.3,0.0,51.0,33.0,354.0,10.7,3.0,51.5,3.0,wr
Elijah Moore,CLE,16.0,44.0,5.0,5.0,0.0,1.0,0.0,65.0,37.0,446.0,12.1,1.0,51.1,3.2,wr
Trenton Irwin,CIN,9.0,31.9,1.0,11.0,0.0,11.0,0.0,23.0,15.0,231.0,15.4,4.0,48.2,5.4,wr
Randall Cobb,NYJ,13.0,28.5,0.0,0.0,0.0,0.0,0.0,50.0,34.0,417.0,12.3,1.0,47.7,3.7,wr
Jauan Jennings,SF,16.0,30.6,0.0,0.0,0.0,0.0,0.0,56.0,35.0,416.0,11.9,1.0,47.6,3.0,wr
Jamal Agnew,JAC,15.0,9.4,12.0,86.0,0.0,7.2,0.0,30.0,23.0,187.0,8.1,3.0,47.3,3.2,wr
Rondale Moore,ATL,8.0,57.4,6.0,-5.0,0.0,-0.8,0.0,56.0,41.0,414.0,10.1,1.0,46.9,5.9,wr
Julio Jones,PHI,10.0,35.1,5.0,45.0,0.0,9.0,0.0,43.0,24.0,299.0,12.5,2.0,46.4,4.6,wr
Dante Pettis,CHI,17.0,30.8,2.0,37.0,0.0,18.5,0.0,41.0,19.0,245.0,12.9,3.0,46.2,2.7,wr
Laviska Shenault,SEA,13.0,13.8,9.0,65.0,0.0,7.2,1.0,32.0,27.0,272.0,10.1,1.0,45.7,3.5,wr
Ben Skowronek,HOU,14.0,49.7,1.0,17.0,0.0,17.0,1.0,61.0,39.0,376.0,9.6,0.0,45.3,3.2,wr
Tutu Atwell,LA,13.0,23.5,9.0,34.0,0.0,3.8,1.0,35.0,18.0,298.0,16.6,1.0,45.2,3.5,wr
Tyquan Thornton,NE,13.0,36.5,3.0,16.0,0.0,5.3,1.0,45.0,22.0,247.0,11.2,2.0,44.3,3.4,wr
Nelson Agholor,BAL,16.0,24.9,0.0,0.0,0.0,0.0,0.0,53.0,31.0,362.0,11.7,2.0,44.2,2.8,wr
Ray-Ray McCloud,ATL,17.0,16.8,4.0,78.0,0.0,19.5,1.0,25.0,14.0,243.0,17.4,1.0,44.1,2.6,wr
Equanimeous St. Brown,NO,16.0,34.7,6.0,54.0,0.0,9.0,0.0,38.0,21.0,323.0,15.4,1.0,43.7,2.7,wr
Justin Watson,KC,17.0,29.1,0.0,0.0,0.0,0.0,0.0,34.0,15.0,315.0,21.0,2.0,43.5,2.6,wr
Kadarius Toney,KC,9.0,0.0,7.0,82.0,0.0,11.7,1.0,20.0,16.0,171.0,10.7,2.0,43.3,4.8,wr
Hunter Renfrow,LV,10.0,37.7,0.0,0.0,0.0,0.0,0.0,50.0,36.0,330.0,9.2,2.0,43.0,4.3,wr
Braxton Berrios,MIA,17.0,17.9,9.0,91.0,0.0,10.1,2.0,32.0,18.0,145.0,8.1,0.0,39.7,2.3,wr
Shi Smith,KC,17.0,27.4,0.0,0.0,0.0,0.0,0.0,41.0,22.0,296.0,13.5,2.0,39.6,2.3,wr
Damiere Byrd,HOU,14.0,19.9,0.0,0.0,0.0,0.0,0.0,23.0,13.0,268.0,20.6,2.0,38.8,2.8,wr
Rashod Bateman,BAL,6.0,31.7,0.0,0.0,0.0,0.0,0.0,28.0,15.0,285.0,19.0,2.0,38.5,6.4,wr
A.J. Green,ARI,15.0,35.5,0.0,0.0,0.0,0.0,0.0,47.0,24.0,236.0,9.8,2.0,37.6,2.5,wr
Jarvis Landry,NO,9.0,33.4,0.0,0.0,0.0,0.0,0.0,39.0,25.0,272.0,10.9,1.0,35.2,3.9,wr
Michael Thomas,NO,3.0,45.3,0.0,0.0,0.0,0.0,0.0,22.0,16.0,171.0,10.7,3.0,35.1,11.7,wr
Robbie Chosen,MIA,16.0,0.0,0.0,0.0,0.0,0.0,0.0,44.0,20.0,282.0,14.1,1.0,34.2,2.1,wr
Tre'Quan Smith,DET,15.0,21.6,0.0,0.0,0.0,0.0,0.0,27.0,19.0,278.0,14.6,1.0,33.8,2.3,wr
Kendall Hinton,DEN,12.0,38.3,2.0,13.0,0.0,6.5,0.0,33.0,24.0,311.0,13.0,0.0,32.4,2.7,wr
Phillip Dorsett,DEN,15.0,32.7,0.0,0.0,0.0,0.0,0.0,40.0,20.0,257.0,12.9,1.0,31.7,2.1,wr
Wan'Dale Robinson,NYG,6.0,38.2,2.0,-1.0,0.0,-0.5,0.0,31.0,23.0,227.0,9.9,1.0,28.6,4.8,wr
KhaDarel Hodge,ATL,17.0,10.4,0.0,0.0,0.0,0.0,0.0,20.0,13.0,202.0,15.5,1.0,28.2,1.7,wr
Dyami Brown,WAS,15.0,8.5,1.0,15.0,0.0,15.0,0.0,14.0,5.0,143.0,28.6,2.0,27.8,1.9,wr
Ashton Dulin,IND,12.0,17.4,2.0,8.0,0.0,4.0,0.0,22.0,15.0,207.0,13.8,1.0,27.5,2.3,wr
Velus Jones,CHI,12.0,27.2,9.0,103.0,0.0,11.4,1.0,14.0,7.0,107.0,15.3,1.0,27.0,2.2,wr
Byron Pringle,WAS,11.0,21.5,0.0,0.0,0.0,0.0,0.0,16.0,10.0,135.0,13.5,2.0,25.5,2.3,wr
Khalil Shakir,BUF,14.0,13.9,0.0,0.0,0.0,0.0,0.0,20.0,10.0,161.0,16.1,1.0,24.1,1.7,wr
Jalen Nailor,MIN,15.0,5.1,0.0,0.0,0.0,0.0,0.0,13.0,9.0,179.0,19.9,1.0,23.9,1.6,wr
Brandon Powell,MIN,17.0,17.1,17.0,80.0,0.0,4.7,0.0,32.0,24.0,156.0,6.5,0.0,23.6,1.4,wr
River Cracraft,MIA,11.0,13.0,0.0,0.0,0.0,0.0,0.0,14.0,9.0,102.0,11.3,2.0,22.2,2.0,wr
Amari Rodgers,IND,6.0,25.5,2.0,7.0,0.0,3.5,0.0,17.0,12.0,154.0,12.8,1.0,22.1,3.7,wr
Marquez Callaway,PIT,14.0,25.1,0.0,0.0,0.0,0.0,0.0,32.0,16.0,158.0,9.9,1.0,21.8,1.6,wr
Sterling Shepard,NYG,3.0,55.0,0.0,0.0,0.0,0.0,0.0,24.0,13.0,154.0,11.8,1.0,21.4,7.1,wr
Skyy Moore,KC,16.0,19.6,3.0,24.0,0.0,8.0,0.0,33.0,22.0,250.0,11.4,0.0,21.4,1.3,wr
David Bell,CLE,16.0,30.9,0.0,0.0,0.0,0.0,0.0,35.0,24.0,214.0,8.9,0.0,21.4,1.3,wr
Zach Pascal,ARI,17.0,18.0,1.0,0.0,0.0,0.0,0.0,19.0,15.0,150.0,10.0,1.0,21.0,1.2,wr
Keelan Cole,LV,14.0,25.4,0.0,0.0,0.0,0.0,0.0,21.0,10.0,141.0,14.1,1.0,20.1,1.4,wr
Scott Miller,PIT,15.0,16.5,1.0,8.0,0.0,8.0,0.0,40.0,23.0,185.0,8.0,0.0,19.3,1.3,wr
Jalen Reagor,NE,17.0,5.1,4.0,25.0,0.0,6.2,0.0,13.0,8.0,104.0,13.0,1.0,18.9,1.1,wr
KJ Hamler,BUF,7.0,32.0,2.0,23.0,0.0,11.5,0.0,14.0,7.0,165.0,23.6,0.0,18.8,2.7,wr
Denzel Mims,PIT,10.0,27.0,0.0,0.0,0.0,0.0,0.0,25.0,11.0,186.0,16.9,0.0,18.6,1.9,wr
N'Keal Harry,MIN,7.0,21.1,0.0,0.0,0.0,0.0,0.0,9.0,7.0,116.0,16.6,1.0,17.6,2.5,wr
Steven Sims,HOU,12.0,23.7,13.0,70.0,0.0,5.4,0.0,23.0,14.0,104.0,7.4,0.0,17.4,1.4,wr
DeSean Jackson,BAL,7.0,15.7,0.0,0.0,0.0,0.0,0.0,17.0,9.0,153.0,17.0,0.0,15.3,2.2,wr
Anthony Schwartz,MIA,11.0,7.2,4.0,57.0,0.0,14.2,1.0,10.0,4.0,51.0,12.8,0.0,14.8,1.3,wr
Cedrick Wilson,NO,15.0,14.5,1.0,8.0,0.0,8.0,0.0,18.0,12.0,136.0,11.3,0.0,14.4,1.0,wr
Breshad Perriman,IND,11.0,17.6,2.0,-7.0,0.0,-3.5,0.0,19.0,9.0,110.0,12.2,1.0,14.3,1.3,wr
Tom Kennedy,DET,7.0,32.4,0.0,0.0,0.0,0.0,0.0,15.0,8.0,141.0,17.6,0.0,14.1,2.0,wr
Jeff Smith,ARI,11.0,10.3,0.0,0.0,0.0,0.0,0.0,11.0,8.0,134.0,16.8,0.0,13.4,1.2,wr
T.Y. Hilton,DAL,3.0,20.0,0.0,0.0,0.0,0.0,0.0,10.0,7.0,121.0,17.3,0.0,12.1,4.0,wr
David Sills,DEN,9.0,26.9,0.0,0.0,0.0,0.0,0.0,17.0,11.0,106.0,9.6,0.0,10.6,1.2,wr
Sammy Watkins,BAL,3.0,18.7,0.0,0.0,0.0,0.0,0.0,5.0,3.0,119.0,39.7,0.0,9.9,3.3,wr
CeeDee Lamb,DAL,17.0,42.6,14.0,113.0,0.0,8.1,2.0,181.0,135.0,1749.0,13.0,12.0,268.2,15.8,wr
Tyreek Hill,MIA,16.0,32.5,6.0,15.0,0.0,2.5,0.0,171.0,119.0,1799.0,15.1,13.0,257.4,16.1,wr
Amon-Ra St. Brown,DET,16.0,49.6,4.0,24.0,0.0,6.0,0.0,164.0,119.0,1515.0,12.7,10.0,211.9,13.2,wr
Mike Evans,TB,17.0,44.6,0.0,0.0,0.0,0.0,0.0,136.0,79.0,1255.0,15.9,13.0,203.5,12.0,wr
Puka Nacua,LA,17.0,53.1,12.0,89.0,0.0,7.4,0.0,160.0,105.0,1486.0,14.2,6.0,193.5,11.4,wr
DJ Moore,CHI,17.0,46.8,4.0,21.0,0.0,5.2,1.0,136.0,96.0,1364.0,14.2,8.0,190.5,11.2,wr
Deebo Samuel,SF,15.0,34.1,37.0,225.0,0.0,6.1,5.0,89.0,60.0,892.0,14.9,7.0,183.7,12.2,wr
A.J. Brown,PHI,17.0,42.2,0.0,0.0,0.0,0.0,0.0,158.0,106.0,1456.0,13.7,7.0,183.6,10.8,wr
Nico Collins,HOU,15.0,44.6,1.0,7.0,0.0,7.0,0.0,109.0,80.0,1297.0,16.2,8.0,180.4,12.0,wr
Brandon Aiyuk,SF,16.0,33.9,0.0,0.0,0.0,0.0,0.0,105.0,75.0,1342.0,17.9,7.0,174.2,10.9,wr
Keenan Allen,CHI,13.0,46.8,2.0,6.0,0.0,3.0,0.0,150.0,108.0,1243.0,11.5,7.0,170.9,13.1,wr
Stefon Diggs,HOU,17.0,39.5,1.0,5.0,0.0,5.0,0.0,160.0,107.0,1183.0,11.1,8.0,166.8,9.8,wr
Ja'Marr Chase,CIN,16.0,37.1,3.0,-6.0,0.0,-2.0,0.0,145.0,100.0,1216.0,12.2,7.0,162.7,10.2,wr
Davante Adams,LV,17.0,40.7,0.0,0.0,0.0,0.0,0.0,175.0,103.0,1144.0,11.1,8.0,162.4,9.6,wr
DK Metcalf,SEA,16.0,35.6,0.0,0.0,0.0,0.0,0.0,119.0,66.0,1114.0,16.9,8.0,159.4,10.0,wr
Amari Cooper,CLE,15.0,54.7,0.0,0.0,0.0,0.0,0.0,128.0,72.0,1250.0,17.4,5.0,155.0,10.3,wr
Calvin Ridley,TEN,17.0,51.5,9.0,23.0,0.0,2.6,0.0,136.0,76.0,1016.0,13.4,8.0,153.9,9.1,wr
Jayden Reed,GB,16.0,25.1,11.0,119.0,0.0,10.8,2.0,94.0,64.0,793.0,12.4,8.0,153.2,9.6,wr
Jordan Addison,MIN,17.0,37.4,1.0,2.0,0.0,2.0,0.0,108.0,70.0,911.0,13.0,10.0,151.3,8.9,wr
DeAndre Hopkins,TEN,17.0,36.1,2.0,9.0,0.0,4.5,0.0,137.0,75.0,1057.0,14.1,7.0,148.6,8.7,wr
Jakobi Meyers,LV,16.0,40.1,4.0,24.0,0.0,6.0,2.0,106.0,71.0,807.0,11.4,8.0,147.6,9.2,wr
DeVonta Smith,PHI,16.0,47.4,0.0,0.0,0.0,0.0,0.0,112.0,81.0,1066.0,13.2,7.0,146.6,9.2,wr
George Pickens,PIT,17.0,35.8,3.0,18.0,0.0,6.0,0.0,106.0,63.0,1140.0,18.1,5.0,145.8,8.6,wr
Chris Olave,NO,16.0,45.1,0.0,0.0,0.0,0.0,0.0,138.0,87.0,1123.0,12.9,5.0,144.3,9.0,wr
Michael Pittman,IND,16.0,60.6,0.0,0.0,0.0,0.0,0.0,156.0,109.0,1152.0,10.6,4.0,141.2,8.8,wr
Justin Jefferson,MIN,10.0,43.2,1.0,-12.0,0.0,-12.0,0.0,100.0,68.0,1074.0,15.8,5.0,134.2,13.4,wr
Rashee Rice,KC,16.0,24.4,1.0,-3.0,0.0,-3.0,0.0,102.0,79.0,938.0,11.9,7.0,133.5,8.3,wr
Courtland Sutton,DEN,16.0,36.0,0.0,0.0,0.0,0.0,0.0,90.0,59.0,772.0,13.1,10.0,131.2,8.2,wr
Zay Flowers,BAL,16.0,37.4,8.0,56.0,0.0,7.0,1.0,108.0,77.0,858.0,11.1,5.0,129.4,8.1,wr
Adam Thielen,CAR,17.0,58.0,1.0,6.0,0.0,6.0,0.0,137.0,103.0,1014.0,9.8,4.0,128.0,7.5,wr
Jaylen Waddle,MIA,14.0,33.7,3.0,12.0,0.0,4.0,0.0,104.0,72.0,1014.0,14.1,4.0,126.6,9.0,wr
Chris Godwin,TB,17.0,46.2,4.0,38.0,0.0,9.5,1.0,130.0,83.0,1024.0,12.3,2.0,126.2,7.4,wr
Terry McLaurin,WAS,17.0,46.5,0.0,0.0,0.0,0.0,0.0,132.0,79.0,1002.0,12.7,4.0,124.2,7.3,wr
Tyler Lockett,SEA,17.0,34.9,0.0,0.0,0.0,0.0,0.0,122.0,79.0,894.0,11.3,5.0,123.4,7.3,wr
Brandin Cooks,DAL,16.0,35.4,5.0,35.0,0.0,7.0,0.0,81.0,54.0,657.0,12.2,8.0,119.2,7.5,wr
Garrett Wilson,NYJ,17.0,47.8,4.0,0.0,0.0,0.0,0.0,168.0,95.0,1042.0,11.0,3.0,118.2,7.0,wr
Tank Dell,HOU,11.0,44.1,11.0,51.0,0.0,4.6,0.0,75.0,47.0,709.0,15.1,7.0,118.0,10.7,wr
Gabe Davis,JAC,17.0,42.7,1.0,-2.0,0.0,-2.0,0.0,81.0,45.0,746.0,16.6,7.0,116.4,6.8,wr
Romeo Doubs,GB,17.0,36.6,0.0,0.0,0.0,0.0,0.0,96.0,59.0,674.0,11.4,8.0,115.4,6.8,wr
Drake London,ATL,16.0,53.7,0.0,0.0,0.0,0.0,0.0,110.0,69.0,905.0,13.1,2.0,105.4,6.6,wr
Cooper Kupp,LA,12.0,53.3,1.0,-3.0,0.0,-3.0,0.0,95.0,59.0,737.0,12.5,5.0,105.4,8.8,wr
Rashid Shaheed,NO,15.0,34.5,7.0,37.0,0.0,5.3,0.0,75.0,46.0,719.0,15.6,5.0,103.6,6.9,wr
Diontae Johnson,CAR,13.0,27.4,0.0,0.0,0.0,0.0,0.0,87.0,51.0,717.0,14.1,5.0,101.7,7.8,wr
Darius Slayton,NYG,17.0,40.4,0.0,0.0,0.0,0.0,0.0,79.0,50.0,770.0,15.4,4.0,101.0,5.9,wr
Tee Higgins,CIN,12.0,26.2,0.0,0.0,0.0,0.0,0.0,76.0,42.0,656.0,15.6,5.0,95.6,8.0,wr
Curtis Samuel,BUF,16.0,29.8,7.0,39.0,0.0,5.6,1.0,91.0,62.0,613.0,9.9,4.0,95.2,6.0,wr
Christian Kirk,JAC,12.0,48.7,1.0,6.0,0.0,6.0,0.0,85.0,57.0,787.0,13.8,3.0,93.3,7.8,wr
Josh Downs,IND,17.0,44.1,0.0,0.0,0.0,0.0,0.0,98.0,68.0,771.0,11.3,2.0,89.1,5.2,wr
Josh Reynolds,DEN,17.0,36.2,0.0,0.0,0.0,0.0,0.0,64.0,40.0,608.0,15.2,5.0,88.8,5.2,wr
Jerry Jeudy,CLE,16.0,25.8,0.0,0.0,0.0,0.0,0.0,87.0,54.0,758.0,14.0,2.0,87.8,5.5,wr
Jaxon Smith-Njigba,SEA,17.0,27.9,0.0,0.0,0.0,0.0,0.0,93.0,63.0,628.0,10.0,4.0,86.8,5.1,wr
Hollywood Brown,KC,14.0,54.2,2.0,23.0,0.0,11.5,0.0,101.0,51.0,574.0,11.3,4.0,83.7,6.0,wr
Dontayvion Wicks,GB,15.0,23.1,1.0,1.0,0.0,1.0,0.0,58.0,39.0,581.0,14.9,4.0,80.8,5.4,wr
DJ Chark,LAC,15.0,48.5,0.0,0.0,0.0,0.0,0.0,66.0,35.0,525.0,15.0,5.0,80.5,5.4,wr
Tyler Boyd,TEN,17.0,30.3,2.0,11.0,0.0,5.5,0.0,98.0,67.0,667.0,10.0,2.0,78.8,4.6,wr
Michael Wilson,ARI,13.0,45.1,0.0,0.0,0.0,0.0,0.0,58.0,38.0,565.0,14.9,3.0,76.5,5.9,wr
Jahan Dotson,WAS,17.0,44.9,0.0,0.0,0.0,0.0,0.0,83.0,49.0,518.0,10.6,4.0,75.8,4.5,wr
Khalil Shakir,BUF,17.0,22.2,1.0,10.0,0.0,10.0,0.0,45.0,39.0,611.0,15.7,2.0,74.1,4.4,wr
Tutu Atwell,LA,16.0,38.8,5.0,31.0,0.0,6.2,0.0,67.0,39.0,483.0,12.4,3.0,73.4,4.6,wr
Christian Watson,GB,9.0,38.9,4.0,11.0,0.0,2.8,0.0,53.0,28.0,422.0,15.1,5.0,73.3,8.1,wr
Wan'Dale Robinson,NYG,15.0,33.7,9.0,87.0,0.0,9.7,1.0,78.0,60.0,525.0,8.8,1.0,73.2,4.9,wr
Elijah Moore,CLE,17.0,48.8,9.0,11.0,0.0,1.2,0.0,104.0,59.0,640.0,10.8,2.0,73.1,4.3,wr
Odell Beckham,MIA,14.0,22.5,0.0,0.0,0.0,0.0,0.0,64.0,35.0,565.0,16.1,3.0,72.5,5.2,wr
K.J. Osborn,NE,16.0,35.6,0.0,0.0,0.0,0.0,0.0,75.0,48.0,540.0,11.3,3.0,72.0,4.5,wr
Joshua Palmer,LAC,10.0,31.8,1.0,6.0,0.0,6.0,0.0,61.0,38.0,581.0,15.3,2.0,68.7,6.9,wr
Noah Brown,HOU,10.0,46.3,1.0,-1.0,0.0,-1.0,0.0,55.0,33.0,567.0,17.2,2.0,68.6,6.9,wr
Rondale Moore,ATL,17.0,39.2,28.0,178.0,0.0,6.4,1.0,62.0,40.0,352.0,8.8,1.0,65.0,3.8,wr
Alec Pierce,IND,17.0,60.3,0.0,0.0,0.0,0.0,0.0,65.0,32.0,514.0,16.1,2.0,63.4,3.7,wr
Kendrick Bourne,NE,8.0,46.4,1.0,4.0,0.0,4.0,0.0,55.0,37.0,406.0,11.0,4.0,63.0,7.9,wr
Kalif Raymond,DET,17.0,16.6,7.0,75.0,0.0,10.7,0.0,44.0,35.0,489.0,14.0,1.0,62.4,3.7,wr
Nelson Agholor,BAL,17.0,23.6,0.0,0.0,0.0,0.0,0.0,45.0,35.0,381.0,10.9,4.0,62.1,3.7,wr
Justin Watson,KC,16.0,19.8,0.0,0.0,0.0,0.0,0.0,53.0,27.0,460.0,17.0,3.0,62.0,3.9,wr
Demarcus Robinson,LA,16.0,18.1,1.0,23.0,0.0,23.0,0.0,39.0,26.0,371.0,14.3,4.0,61.4,3.8,wr
DeMario Douglas,NE,14.0,31.3,8.0,41.0,0.0,5.1,0.0,79.0,49.0,561.0,11.4,0.0,58.2,4.2,wr
Nick Westbrook-Ikhine,TEN,14.0,30.5,0.0,0.0,0.0,0.0,0.0,45.0,28.0,370.0,13.2,3.0,57.0,4.1,wr
Trey Palmer,TB,17.0,36.6,3.0,22.0,0.0,7.3,0.0,68.0,39.0,385.0,9.9,3.0,56.7,3.3,wr
Jameson Williams,DET,12.0,26.0,3.0,29.0,0.0,9.7,1.0,42.0,24.0,354.0,14.8,2.0,56.3,4.7,wr
Quentin Johnston,LAC,17.0,22.0,3.0,9.0,0.0,3.0,0.0,67.0,38.0,431.0,11.3,2.0,56.0,3.3,wr
Brandon Johnson,DEN,13.0,14.3,0.0,0.0,0.0,0.0,0.0,30.0,19.0,284.0,14.9,4.0,54.4,4.2,wr
Michael Gallup,LV,17.0,29.0,0.0,0.0,0.0,0.0,0.0,57.0,34.0,418.0,12.3,2.0,53.8,3.2,wr
Tre Tucker,LV,16.0,12.6,10.0,77.0,0.0,7.7,0.0,34.0,19.0,331.0,17.4,2.0,52.8,3.3,wr
Michael Thomas,NO,10.0,49.0,0.0,0.0,0.0,0.0,0.0,64.0,39.0,448.0,11.5,1.0,50.8,5.1,wr
Robert Woods,HOU,14.0,47.6,1.0,7.0,0.0,7.0,0.0,75.0,40.0,426.0,10.7,1.0,49.3,3.5,wr
A.T. Perry,NO,10.0,25.1,0.0,0.0,0.0,0.0,0.0,18.0,12.0,246.0,20.5,4.0,48.6,4.9,wr
Darnell Mooney,ATL,15.0,39.3,2.0,5.0,0.0,2.5,0.0,61.0,31.0,414.0,13.4,1.0,47.9,3.2,wr
KaVontae Turpin,DAL,16.0,6.4,11.0,110.0,0.0,10.0,1.0,18.0,12.0,127.0,10.6,3.0,47.7,3.0,wr
Cedrick Wilson,NO,15.0,19.7,0.0,0.0,0.0,0.0,0.0,38.0,22.0,296.0,13.5,3.0,47.6,3.2,wr
Chris Moore,ARI,17.0,28.1,2.0,39.0,0.0,19.5,0.0,35.0,22.0,424.0,19.3,0.0,46.3,2.7,wr
Rashod Bateman,BAL,16.0,23.3,1.0,18.0,0.0,18.0,0.0,56.0,32.0,367.0,11.5,1.0,44.5,2.8,wr
Zay Jones,ARI,9.0,41.3,0.0,0.0,0.0,0.0,0.0,64.0,34.0,321.0,9.4,2.0,44.1,4.9,wr
Marvin Mims,DEN,16.0,13.6,9.0,30.0,0.0,3.3,0.0,33.0,22.0,377.0,17.1,1.0,42.7,2.7,wr
Jonathan Mingo,CAR,15.0,56.7,0.0,0.0,0.0,0.0,0.0,85.0,43.0,418.0,9.7,0.0,41.8,2.8,wr
Greg Dortch,ARI,16.0,18.0,1.0,5.0,0.0,5.0,0.0,41.0,24.0,280.0,11.7,2.0,40.5,2.5,wr
DeVante Parker,PHI,13.0,40.5,0.0,0.0,0.0,0.0,0.0,55.0,33.0,394.0,11.9,0.0,39.4,3.0,wr
Isaiah Hodgins,NYG,17.0,18.9,0.0,0.0,0.0,0.0,0.0,33.0,21.0,230.0,11.0,3.0,39.0,2.3,wr
Brandon Powell,MIN,17.0,16.1,5.0,17.0,0.0,3.4,0.0,44.0,29.0,324.0,11.2,1.0,38.1,2.2,wr
Jake Bobo,SEA,17.0,12.9,1.0,3.0,0.0,3.0,1.0,25.0,19.0,196.0,10.3,2.0,37.9,2.2,wr
Trenton Irwin,CIN,16.0,14.6,0.0,0.0,0.0,0.0,0.0,32.0,25.0,316.0,12.6,1.0,37.6,2.4,wr
Jalin Hyatt,NYG,17.0,23.2,0.0,0.0,0.0,0.0,0.0,40.0,23.0,373.0,16.2,0.0,37.3,2.2,wr
Allen Lazard,NYJ,14.0,36.1,0.0,0.0,0.0,0.0,0.0,49.0,23.0,311.0,13.5,1.0,37.1,2.6,wr
Jalen Tolbert,DAL,17.0,17.7,0.0,0.0,0.0,0.0,0.0,36.0,22.0,268.0,12.2,2.0,36.8,2.2,wr
Calvin Austin,PIT,17.0,15.4,11.0,57.0,0.0,5.2,1.0,30.0,17.0,180.0,10.6,1.0,35.7,2.1,wr
Andrei Iosivas,CIN,16.0,8.1,0.0,0.0,0.0,0.0,0.0,25.0,15.0,116.0,7.7,4.0,35.6,2.2,wr
Marquez Valdes-Scantling,KC,16.0,26.0,0.0,0.0,0.0,0.0,0.0,42.0,21.0,315.0,15.0,1.0,35.5,2.2,wr
David Bell,CLE,15.0,11.7,0.0,0.0,0.0,0.0,0.0,23.0,14.0,167.0,11.9,3.0,34.7,2.3,wr
Lil'Jordan Humphrey,DEN,17.0,10.2,0.0,0.0,0.0,0.0,0.0,19.0,13.0,162.0,12.5,3.0,34.2,2.0,wr
Skyy Moore,KC,14.0,28.3,3.0,23.0,0.0,7.7,0.0,38.0,21.0,244.0,11.6,1.0,32.7,2.3,wr
Jauan Jennings,SF,13.0,19.1,0.0,0.0,0.0,0.0,0.0,33.0,19.0,265.0,13.9,1.0,32.5,2.5,wr
JuJu Smith-Schuster,NE,11.0,36.7,0.0,0.0,0.0,0.0,0.0,47.0,29.0,260.0,9.0,1.0,32.0,2.9,wr
Xavier Gipson,NYJ,17.0,21.3,8.0,68.0,0.0,8.5,1.0,38.0,21.0,229.0,10.9,0.0,31.7,1.9,wr
Mike Williams,NYJ,3.0,55.7,1.0,3.0,0.0,3.0,0.0,26.0,19.0,249.0,13.1,1.0,31.2,10.4,wr
Braxton Berrios,MIA,16.0,21.5,1.0,11.0,0.0,11.0,0.0,33.0,27.0,238.0,8.8,1.0,30.9,1.9,wr
Bo Melton,GB,5.0,8.6,3.0,21.0,0.0,7.0,0.0,24.0,16.0,218.0,13.6,1.0,29.9,6.0,wr
Alex Erickson,LAC,8.0,13.0,0.0,0.0,0.0,0.0,0.0,29.0,16.0,232.0,14.5,1.0,29.2,3.6,wr
Olamide Zaccheaus,WAS,17.0,16.7,0.0,0.0,0.0,0.0,0.0,20.0,10.0,164.0,16.4,2.0,28.4,1.7,wr
Scott Miller,PIT,17.0,12.8,0.0,0.0,0.0,0.0,0.0,16.0,11.0,161.0,14.6,2.0,28.1,1.7,wr
Allen Robinson,NYG,17.0,27.2,0.0,0.0,0.0,0.0,0.0,49.0,34.0,280.0,8.2,0.0,28.0,1.6,wr
Jamal Agnew,JAC,11.0,17.3,4.0,-2.0,0.0,-0.5,0.0,21.0,14.0,225.0,16.1,1.0,26.3,2.4,wr
Kadarius Toney,KC,13.0,14.6,11.0,31.0,0.0,2.8,0.0,38.0,27.0,169.0,6.3,1.0,26.0,2.0,wr
Mack Hollins,BUF,13.0,23.5,0.0,0.0,0.0,0.0,0.0,30.0,18.0,251.0,13.9,0.0,25.1,1.9,wr
Treylon Burks,TEN,11.0,28.2,5.0,18.0,0.0,3.6,0.0,30.0,16.0,221.0,13.8,0.0,23.9,2.2,wr
Hunter Renfrow,LV,17.0,14.9,0.0,0.0,0.0,0.0,0.0,37.0,25.0,255.0,10.2,0.0,23.5,1.4,wr
Cedric Tillman,CLE,14.0,41.3,1.0,8.0,0.0,8.0,0.0,44.0,21.0,224.0,10.7,0.0,23.2,1.7,wr
KhaDarel Hodge,ATL,17.0,19.1,1.0,0.0,0.0,0.0,0.0,23.0,14.0,232.0,16.6,0.0,23.2,1.4,wr
Parker Washington,JAC,9.0,18.9,0.0,0.0,0.0,0.0,0.0,21.0,16.0,132.0,8.3,2.0,23.2,2.6,wr
Dyami Brown,WAS,17.0,13.2,1.0,0.0,0.0,0.0,0.0,23.0,12.0,168.0,14.0,1.0,23.0,1.4,wr
Quez Watkins,PIT,9.0,16.7,0.0,0.0,0.0,0.0,0.0,21.0,15.0,142.0,9.5,1.0,20.2,2.2,wr
Jamison Crowder,WAS,17.0,6.5,0.0,0.0,0.0,0.0,0.0,20.0,16.0,159.0,9.9,1.0,19.9,1.2,wr
Deonte Harty,BAL,16.0,7.8,4.0,0.0,0.0,0.0,0.0,21.0,15.0,150.0,10.0,1.0,19.0,1.2,wr
Tyler Scott,CHI,17.0,17.9,7.0,41.0,0.0,5.9,0.0,32.0,17.0,168.0,9.9,0.0,18.9,1.1,wr
Robbie Chosen,MIA,9.0,9.2,0.0,0.0,0.0,0.0,0.0,6.0,4.0,126.0,31.5,1.0,18.6,2.1,wr
Malik Heath,GB,13.0,11.0,0.0,0.0,0.0,0.0,0.0,24.0,15.0,125.0,8.3,1.0,18.5,1.4,wr
Ihmir Smith-Marsette,CAR,17.0,7.2,8.0,74.0,0.0,9.2,1.0,10.0,8.0,51.0,6.4,0.0,18.5,1.1,wr
River Cracraft,MIA,10.0,10.9,0.0,0.0,0.0,0.0,0.0,12.0,9.0,121.0,13.4,1.0,18.1,1.8,wr
Deven Thompkins,TB,17.0,13.7,8.0,56.0,0.0,7.0,0.0,25.0,17.0,83.0,4.9,1.0,17.9,1.1,wr
Ray-Ray McCloud,ATL,12.0,12.2,3.0,30.0,0.0,10.0,0.0,15.0,12.0,135.0,11.3,0.0,16.5,1.4,wr
John Metchie,HOU,16.0,17.9,1.0,4.0,0.0,4.0,0.0,30.0,16.0,158.0,9.9,0.0,16.2,1.0,wr
Kyle Philips,TEN,9.0,8.9,0.0,0.0,0.0,0.0,0.0,22.0,15.0,181.0,12.1,0.0,16.1,1.8,wr
Jalen Reagor,NE,11.0,20.3,1.0,17.0,0.0,17.0,0.0,23.0,7.0,138.0,19.7,0.0,15.5,1.4,wr
Derius Davis,LAC,17.0,4.5,14.0,101.0,0.0,7.2,0.0,17.0,15.0,66.0,4.4,0.0,14.7,0.9,wr
Tyquan Thornton,NE,9.0,18.3,3.0,51.0,0.0,17.0,0.0,23.0,13.0,91.0,7.0,0.0,14.2,1.6,wr
Byron Pringle,WAS,17.0,7.1,0.0,0.0,0.0,0.0,0.0,22.0,14.0,161.0,11.5,0.0,14.1,0.8,wr
Terrace Marshall,CAR,9.0,29.6,0.0,0.0,0.0,0.0,0.0,33.0,19.0,139.0,7.3,0.0,13.9,1.5,wr
Xavier Hutchinson,HOU,16.0,16.4,5.0,49.0,0.0,9.8,0.0,19.0,8.0,90.0,11.3,0.0,13.9,0.9,wr
Lynn Bowden,NO,15.0,15.6,5.0,32.0,0.0,6.4,0.0,16.0,11.0,83.0,7.5,0.0,11.5,0.8,wr
Laviska Shenault,SEA,8.0,11.5,12.0,55.0,0.0,4.6,0.0,10.0,10.0,60.0,6.0,0.0,11.5,1.4,wr
Van Jefferson,PIT,12.0,27.0,1.0,4.0,0.0,4.0,0.0,28.0,12.0,101.0,8.4,0.0,10.5,0.9,wr
Parris Campbell,PHI,12.0,12.1,0.0,0.0,0.0,0.0,0.0,27.0,20.0,104.0,5.2,0.0,10.4,0.9,wr
Mecole Hardman,KC,6.0,6.5,1.0,3.0,0.0,3.0,0.0,21.0,14.0,118.0,8.4,0.0,10.1,1.7,wr
Marquise Goodwin,CLE,12.0,7.2,4.0,33.0,0.0,8.2,0.0,13.0,4.0,67.0,16.8,0.0,10.0,0.8,wr
Richie James,KC,9.0,5.3,0.0,0.0,0.0,0.0,0.0,14.0,10.0,114.0,11.4,0.0,9.4,1.0,wr
